"exp_value","b","sim","Static_exp"
1,25,1,TRUE
2,25,1,TRUE
1,25,2,FALSE
2,25,2,FALSE
1,25,3,FALSE
2,25,3,FALSE
1,25,4,TRUE
2,25,4,TRUE
1,25,5,TRUE
2,25,5,TRUE
1,25,6,TRUE
2,25,6,TRUE
1,25,7,TRUE
2,25,7,TRUE
1,25,8,TRUE
2,25,8,TRUE
1,25,9,TRUE
2,25,9,TRUE
1,25,10,TRUE
2,25,10,TRUE
1,25,11,FALSE
2,25,11,FALSE
1,25,12,TRUE
2,25,12,TRUE
1,25,13,TRUE
2,25,13,TRUE
1,25,14,TRUE
2,25,14,TRUE
1,25,15,TRUE
2,25,15,TRUE
1,25,16,TRUE
2,25,16,TRUE
1,25,17,TRUE
2,25,17,TRUE
1,25,18,TRUE
2,25,18,TRUE
1,25,19,TRUE
2,25,19,TRUE
1,25,20,TRUE
2,25,20,TRUE
1,25,21,TRUE
2,25,21,TRUE
1,25,22,TRUE
2,25,22,TRUE
1,25,23,TRUE
2,25,23,TRUE
1,25,24,TRUE
2,25,24,TRUE
1,25,25,TRUE
2,25,25,TRUE
1,25,26,TRUE
2,25,26,TRUE
1,25,27,FALSE
2,25,27,FALSE
1,25,28,TRUE
2,25,28,TRUE
1,25,29,TRUE
2,25,29,TRUE
1,25,30,TRUE
2,25,30,TRUE
1,25,31,TRUE
2,25,31,TRUE
1,25,32,TRUE
2,25,32,TRUE
1,25,33,TRUE
2,25,33,TRUE
1,25,34,TRUE
2,25,34,TRUE
1,25,35,FALSE
2,25,35,FALSE
1,25,36,TRUE
2,25,36,TRUE
1,25,37,TRUE
2,25,37,TRUE
1,25,38,TRUE
2,25,38,TRUE
1,25,39,TRUE
2,25,39,TRUE
1,25,40,TRUE
2,25,40,TRUE
1,25,41,TRUE
2,25,41,TRUE
1,25,42,TRUE
2,25,42,TRUE
1,25,43,TRUE
2,25,43,TRUE
1,25,44,TRUE
2,25,44,TRUE
1,25,45,TRUE
2,25,45,TRUE
1,25,46,TRUE
2,25,46,TRUE
1,25,47,FALSE
2,25,47,FALSE
1,25,48,TRUE
2,25,48,TRUE
1,25,49,TRUE
2,25,49,TRUE
1,25,50,TRUE
2,25,50,TRUE
1,25,51,TRUE
2,25,51,TRUE
1,25,52,FALSE
2,25,52,FALSE
1,25,53,TRUE
2,25,53,TRUE
1,25,54,TRUE
2,25,54,TRUE
1,25,55,TRUE
2,25,55,TRUE
1,25,56,TRUE
2,25,56,TRUE
1,25,57,TRUE
2,25,57,TRUE
1,25,58,TRUE
2,25,58,TRUE
1,25,59,FALSE
2,25,59,FALSE
1,25,60,TRUE
2,25,60,TRUE
1,25,61,TRUE
2,25,61,TRUE
1,25,62,FALSE
2,25,62,FALSE
1,25,63,TRUE
2,25,63,TRUE
1,25,64,TRUE
2,25,64,TRUE
1,25,65,FALSE
2,25,65,FALSE
1,25,66,TRUE
2,25,66,TRUE
1,25,67,TRUE
2,25,67,TRUE
1,25,68,TRUE
2,25,68,TRUE
1,25,69,TRUE
2,25,69,TRUE
1,25,70,TRUE
2,25,70,TRUE
1,25,71,TRUE
2,25,71,TRUE
1,25,72,TRUE
2,25,72,TRUE
1,25,73,TRUE
2,25,73,TRUE
1,25,74,FALSE
2,25,74,FALSE
1,25,75,TRUE
2,25,75,TRUE
1,25,76,TRUE
2,25,76,TRUE
1,25,77,TRUE
2,25,77,TRUE
1,25,78,TRUE
2,25,78,TRUE
1,25,79,TRUE
2,25,79,TRUE
1,25,80,FALSE
2,25,80,FALSE
1,25,81,TRUE
2,25,81,TRUE
1,25,82,TRUE
2,25,82,TRUE
1,25,83,TRUE
2,25,83,TRUE
1,25,84,TRUE
2,25,84,TRUE
1,25,85,TRUE
2,25,85,TRUE
1,25,86,TRUE
2,25,86,TRUE
1,25,87,FALSE
2,25,87,FALSE
1,25,88,TRUE
2,25,88,TRUE
1,25,89,TRUE
2,25,89,TRUE
1,25,90,TRUE
2,25,90,TRUE
1,25,91,TRUE
2,25,91,TRUE
1,25,92,TRUE
2,25,92,TRUE
1,25,93,TRUE
2,25,93,TRUE
1,25,94,TRUE
2,25,94,TRUE
1,25,95,TRUE
2,25,95,TRUE
1,25,96,FALSE
2,25,96,FALSE
1,25,97,TRUE
2,25,97,TRUE
1,25,98,TRUE
2,25,98,TRUE
1,25,99,TRUE
2,25,99,TRUE
1,25,100,TRUE
2,25,100,TRUE
1,25,101,TRUE
2,25,101,TRUE
1,25,102,TRUE
2,25,102,TRUE
1,25,103,TRUE
2,25,103,TRUE
1,25,104,TRUE
2,25,104,TRUE
1,25,105,TRUE
2,25,105,TRUE
1,25,106,FALSE
2,25,106,FALSE
1,25,107,TRUE
2,25,107,TRUE
1,25,108,FALSE
2,25,108,FALSE
1,25,109,TRUE
2,25,109,TRUE
1,25,110,TRUE
2,25,110,TRUE
1,25,111,TRUE
2,25,111,TRUE
1,25,112,TRUE
2,25,112,TRUE
1,25,113,TRUE
2,25,113,TRUE
1,25,114,TRUE
2,25,114,TRUE
1,25,115,FALSE
2,25,115,FALSE
1,25,116,TRUE
2,25,116,TRUE
1,25,117,TRUE
2,25,117,TRUE
1,25,118,TRUE
2,25,118,TRUE
1,25,119,TRUE
2,25,119,TRUE
1,25,120,TRUE
2,25,120,TRUE
1,25,121,TRUE
2,25,121,TRUE
1,25,122,TRUE
2,25,122,TRUE
1,25,123,TRUE
2,25,123,TRUE
1,25,124,FALSE
2,25,124,FALSE
1,25,125,TRUE
2,25,125,TRUE
1,25,126,FALSE
2,25,126,FALSE
1,25,127,TRUE
2,25,127,TRUE
1,25,128,TRUE
2,25,128,TRUE
1,25,129,TRUE
2,25,129,TRUE
1,25,130,TRUE
2,25,130,TRUE
1,25,131,TRUE
2,25,131,TRUE
1,25,132,TRUE
2,25,132,TRUE
1,25,133,TRUE
2,25,133,TRUE
1,25,134,TRUE
2,25,134,TRUE
1,25,135,TRUE
2,25,135,TRUE
1,25,136,TRUE
2,25,136,TRUE
1,25,137,TRUE
2,25,137,TRUE
1,25,138,FALSE
2,25,138,FALSE
1,25,139,FALSE
2,25,139,FALSE
1,25,140,TRUE
2,25,140,TRUE
1,25,141,TRUE
2,25,141,TRUE
1,25,142,TRUE
2,25,142,TRUE
1,25,143,TRUE
2,25,143,TRUE
1,25,144,TRUE
2,25,144,TRUE
1,25,145,TRUE
2,25,145,TRUE
1,25,146,TRUE
2,25,146,TRUE
1,25,147,TRUE
2,25,147,TRUE
1,25,148,TRUE
2,25,148,TRUE
1,25,149,TRUE
2,25,149,TRUE
1,25,150,TRUE
2,25,150,TRUE
1,25,151,FALSE
2,25,151,FALSE
1,25,152,TRUE
2,25,152,TRUE
1,25,153,TRUE
2,25,153,TRUE
1,25,154,TRUE
2,25,154,TRUE
1,25,155,TRUE
2,25,155,TRUE
1,25,156,TRUE
2,25,156,TRUE
1,25,157,TRUE
2,25,157,TRUE
1,25,158,TRUE
2,25,158,TRUE
1,25,159,TRUE
2,25,159,TRUE
1,25,160,TRUE
2,25,160,TRUE
1,25,161,FALSE
2,25,161,FALSE
1,25,162,TRUE
2,25,162,TRUE
1,25,163,TRUE
2,25,163,TRUE
1,25,164,TRUE
2,25,164,TRUE
1,25,165,FALSE
2,25,165,FALSE
1,25,166,TRUE
2,25,166,TRUE
1,25,167,TRUE
2,25,167,TRUE
1,25,168,TRUE
2,25,168,TRUE
1,25,169,TRUE
2,25,169,TRUE
1,25,170,TRUE
2,25,170,TRUE
1,25,171,TRUE
2,25,171,TRUE
1,25,172,TRUE
2,25,172,TRUE
1,25,173,TRUE
2,25,173,TRUE
1,25,174,FALSE
2,25,174,FALSE
1,25,175,TRUE
2,25,175,TRUE
1,25,176,TRUE
2,25,176,TRUE
1,25,177,TRUE
2,25,177,TRUE
1,25,178,TRUE
2,25,178,TRUE
1,25,179,TRUE
2,25,179,TRUE
1,25,180,FALSE
2,25,180,FALSE
1,25,181,TRUE
2,25,181,TRUE
1,25,182,TRUE
2,25,182,TRUE
1,25,183,TRUE
2,25,183,TRUE
1,25,184,TRUE
2,25,184,TRUE
1,25,185,FALSE
2,25,185,FALSE
1,25,186,TRUE
2,25,186,TRUE
1,25,187,TRUE
2,25,187,TRUE
1,25,188,TRUE
2,25,188,TRUE
1,25,189,TRUE
2,25,189,TRUE
1,25,190,TRUE
2,25,190,TRUE
1,25,191,TRUE
2,25,191,TRUE
1,25,192,TRUE
2,25,192,TRUE
1,25,193,TRUE
2,25,193,TRUE
1,25,194,TRUE
2,25,194,TRUE
1,25,195,FALSE
2,25,195,FALSE
1,25,196,TRUE
2,25,196,TRUE
1,25,197,TRUE
2,25,197,TRUE
1,25,198,TRUE
2,25,198,TRUE
1,25,199,TRUE
2,25,199,TRUE
1,25,200,TRUE
2,25,200,TRUE
1,25,201,TRUE
2,25,201,TRUE
1,25,202,TRUE
2,25,202,TRUE
1,25,203,TRUE
2,25,203,TRUE
1,25,204,TRUE
2,25,204,TRUE
1,25,205,TRUE
2,25,205,TRUE
1,25,206,TRUE
2,25,206,TRUE
1,25,207,TRUE
2,25,207,TRUE
1,25,208,TRUE
2,25,208,TRUE
1,25,209,TRUE
2,25,209,TRUE
1,25,210,FALSE
2,25,210,FALSE
1,25,211,TRUE
2,25,211,TRUE
1,25,212,TRUE
2,25,212,TRUE
1,25,213,TRUE
2,25,213,TRUE
1,25,214,TRUE
2,25,214,TRUE
1,25,215,TRUE
2,25,215,TRUE
1,25,216,TRUE
2,25,216,TRUE
1,25,217,TRUE
2,25,217,TRUE
1,25,218,TRUE
2,25,218,TRUE
1,25,219,TRUE
2,25,219,TRUE
1,25,220,TRUE
2,25,220,TRUE
1,25,221,TRUE
2,25,221,TRUE
1,25,222,TRUE
2,25,222,TRUE
1,25,223,TRUE
2,25,223,TRUE
1,25,224,TRUE
2,25,224,TRUE
1,25,225,TRUE
2,25,225,TRUE
1,25,226,TRUE
2,25,226,TRUE
1,25,227,TRUE
2,25,227,TRUE
1,25,228,TRUE
2,25,228,TRUE
1,25,229,TRUE
2,25,229,TRUE
1,25,230,TRUE
2,25,230,TRUE
1,25,231,TRUE
2,25,231,TRUE
1,25,232,TRUE
2,25,232,TRUE
1,25,233,TRUE
2,25,233,TRUE
1,25,234,TRUE
2,25,234,TRUE
1,25,235,TRUE
2,25,235,TRUE
1,25,236,TRUE
2,25,236,TRUE
1,25,237,TRUE
2,25,237,TRUE
1,25,238,TRUE
2,25,238,TRUE
1,25,239,TRUE
2,25,239,TRUE
1,25,240,FALSE
2,25,240,FALSE
1,25,241,TRUE
2,25,241,TRUE
1,25,242,TRUE
2,25,242,TRUE
1,25,243,TRUE
2,25,243,TRUE
1,25,244,TRUE
2,25,244,TRUE
1,25,245,TRUE
2,25,245,TRUE
1,25,246,TRUE
2,25,246,TRUE
1,25,247,TRUE
2,25,247,TRUE
1,25,248,FALSE
2,25,248,FALSE
1,25,249,FALSE
2,25,249,FALSE
1,25,250,TRUE
2,25,250,TRUE
1,25,251,FALSE
2,25,251,FALSE
1,25,252,TRUE
2,25,252,TRUE
1,25,253,FALSE
2,25,253,FALSE
1,25,254,TRUE
2,25,254,TRUE
1,25,255,TRUE
2,25,255,TRUE
1,25,256,TRUE
2,25,256,TRUE
1,25,257,TRUE
2,25,257,TRUE
1,25,258,TRUE
2,25,258,TRUE
1,25,259,FALSE
2,25,259,FALSE
1,25,260,TRUE
2,25,260,TRUE
1,25,261,TRUE
2,25,261,TRUE
1,25,262,TRUE
2,25,262,TRUE
1,25,263,FALSE
2,25,263,FALSE
1,25,264,FALSE
2,25,264,FALSE
1,25,265,FALSE
2,25,265,FALSE
1,25,266,TRUE
2,25,266,TRUE
1,25,267,TRUE
2,25,267,TRUE
1,25,268,TRUE
2,25,268,TRUE
1,25,269,FALSE
2,25,269,FALSE
1,25,270,TRUE
2,25,270,TRUE
1,25,271,FALSE
2,25,271,FALSE
1,25,272,TRUE
2,25,272,TRUE
1,25,273,TRUE
2,25,273,TRUE
1,25,274,TRUE
2,25,274,TRUE
1,25,275,TRUE
2,25,275,TRUE
1,25,276,TRUE
2,25,276,TRUE
1,25,277,FALSE
2,25,277,FALSE
1,25,278,TRUE
2,25,278,TRUE
1,25,279,TRUE
2,25,279,TRUE
1,25,280,FALSE
2,25,280,FALSE
1,25,281,TRUE
2,25,281,TRUE
1,25,282,TRUE
2,25,282,TRUE
1,25,283,TRUE
2,25,283,TRUE
1,25,284,TRUE
2,25,284,TRUE
1,25,285,TRUE
2,25,285,TRUE
1,25,286,TRUE
2,25,286,TRUE
1,25,287,TRUE
2,25,287,TRUE
1,25,288,TRUE
2,25,288,TRUE
1,25,289,TRUE
2,25,289,TRUE
1,25,290,TRUE
2,25,290,TRUE
1,25,291,TRUE
2,25,291,TRUE
1,25,292,TRUE
2,25,292,TRUE
1,25,293,TRUE
2,25,293,TRUE
1,25,294,TRUE
2,25,294,TRUE
1,25,295,TRUE
2,25,295,TRUE
1,25,296,TRUE
2,25,296,TRUE
1,25,297,TRUE
2,25,297,TRUE
1,25,298,TRUE
2,25,298,TRUE
1,25,299,TRUE
2,25,299,TRUE
1,25,300,TRUE
2,25,300,TRUE
1,25,301,TRUE
2,25,301,TRUE
1,25,302,TRUE
2,25,302,TRUE
1,25,303,TRUE
2,25,303,TRUE
1,25,304,TRUE
2,25,304,TRUE
1,25,305,TRUE
2,25,305,TRUE
1,25,306,TRUE
2,25,306,TRUE
1,25,307,FALSE
2,25,307,FALSE
1,25,308,FALSE
2,25,308,FALSE
1,25,309,TRUE
2,25,309,TRUE
1,25,310,TRUE
2,25,310,TRUE
1,25,311,TRUE
2,25,311,TRUE
1,25,312,TRUE
2,25,312,TRUE
1,25,313,TRUE
2,25,313,TRUE
1,25,314,TRUE
2,25,314,TRUE
1,25,315,TRUE
2,25,315,TRUE
1,25,316,TRUE
2,25,316,TRUE
1,25,317,TRUE
2,25,317,TRUE
1,25,318,TRUE
2,25,318,TRUE
1,25,319,TRUE
2,25,319,TRUE
1,25,320,TRUE
2,25,320,TRUE
1,25,321,TRUE
2,25,321,TRUE
1,25,322,TRUE
2,25,322,TRUE
1,25,323,TRUE
2,25,323,TRUE
1,25,324,TRUE
2,25,324,TRUE
1,25,325,TRUE
2,25,325,TRUE
1,25,326,TRUE
2,25,326,TRUE
1,25,327,TRUE
2,25,327,TRUE
1,25,328,TRUE
2,25,328,TRUE
1,25,329,FALSE
2,25,329,FALSE
1,25,330,TRUE
2,25,330,TRUE
1,25,331,TRUE
2,25,331,TRUE
1,25,332,TRUE
2,25,332,TRUE
1,25,333,TRUE
2,25,333,TRUE
1,25,334,TRUE
2,25,334,TRUE
1,25,335,TRUE
2,25,335,TRUE
1,25,336,FALSE
2,25,336,FALSE
1,25,337,FALSE
2,25,337,FALSE
1,25,338,TRUE
2,25,338,TRUE
1,25,339,TRUE
2,25,339,TRUE
1,25,340,TRUE
2,25,340,TRUE
1,25,341,TRUE
2,25,341,TRUE
1,25,342,TRUE
2,25,342,TRUE
1,25,343,TRUE
2,25,343,TRUE
1,25,344,TRUE
2,25,344,TRUE
1,25,345,TRUE
2,25,345,TRUE
1,25,346,TRUE
2,25,346,TRUE
1,25,347,TRUE
2,25,347,TRUE
1,25,348,TRUE
2,25,348,TRUE
1,25,349,TRUE
2,25,349,TRUE
1,25,350,TRUE
2,25,350,TRUE
1,25,351,TRUE
2,25,351,TRUE
1,25,352,TRUE
2,25,352,TRUE
1,25,353,TRUE
2,25,353,TRUE
1,25,354,TRUE
2,25,354,TRUE
1,25,355,TRUE
2,25,355,TRUE
1,25,356,TRUE
2,25,356,TRUE
1,25,357,TRUE
2,25,357,TRUE
1,25,358,TRUE
2,25,358,TRUE
1,25,359,TRUE
2,25,359,TRUE
1,25,360,TRUE
2,25,360,TRUE
1,25,361,FALSE
2,25,361,FALSE
1,25,362,TRUE
2,25,362,TRUE
1,25,363,TRUE
2,25,363,TRUE
1,25,364,TRUE
2,25,364,TRUE
1,25,365,TRUE
2,25,365,TRUE
1,25,366,TRUE
2,25,366,TRUE
1,25,367,TRUE
2,25,367,TRUE
1,25,368,TRUE
2,25,368,TRUE
1,25,369,FALSE
2,25,369,FALSE
1,25,370,TRUE
2,25,370,TRUE
1,25,371,TRUE
2,25,371,TRUE
1,25,372,TRUE
2,25,372,TRUE
1,25,373,TRUE
2,25,373,TRUE
1,25,374,TRUE
2,25,374,TRUE
1,25,375,TRUE
2,25,375,TRUE
1,25,376,TRUE
2,25,376,TRUE
1,25,377,TRUE
2,25,377,TRUE
1,25,378,TRUE
2,25,378,TRUE
1,25,379,TRUE
2,25,379,TRUE
1,25,380,TRUE
2,25,380,TRUE
1,25,381,TRUE
2,25,381,TRUE
1,25,382,TRUE
2,25,382,TRUE
1,25,383,TRUE
2,25,383,TRUE
1,25,384,TRUE
2,25,384,TRUE
1,25,385,TRUE
2,25,385,TRUE
1,25,386,TRUE
2,25,386,TRUE
1,25,387,TRUE
2,25,387,TRUE
1,25,388,TRUE
2,25,388,TRUE
1,25,389,TRUE
2,25,389,TRUE
1,25,390,TRUE
2,25,390,TRUE
1,25,391,TRUE
2,25,391,TRUE
1,25,392,TRUE
2,25,392,TRUE
1,25,393,TRUE
2,25,393,TRUE
1,25,394,TRUE
2,25,394,TRUE
1,25,395,TRUE
2,25,395,TRUE
1,25,396,TRUE
2,25,396,TRUE
1,25,397,FALSE
2,25,397,FALSE
1,25,398,TRUE
2,25,398,TRUE
1,25,399,TRUE
2,25,399,TRUE
1,25,400,TRUE
2,25,400,TRUE
1,25,401,TRUE
2,25,401,TRUE
1,25,402,TRUE
2,25,402,TRUE
1,25,403,TRUE
2,25,403,TRUE
1,25,404,TRUE
2,25,404,TRUE
1,25,405,TRUE
2,25,405,TRUE
1,25,406,TRUE
2,25,406,TRUE
1,25,407,TRUE
2,25,407,TRUE
1,25,408,TRUE
2,25,408,TRUE
1,25,409,TRUE
2,25,409,TRUE
1,25,410,TRUE
2,25,410,TRUE
1,25,411,TRUE
2,25,411,TRUE
1,25,412,TRUE
2,25,412,TRUE
1,25,413,TRUE
2,25,413,TRUE
1,25,414,TRUE
2,25,414,TRUE
1,25,415,TRUE
2,25,415,TRUE
1,25,416,TRUE
2,25,416,TRUE
1,25,417,TRUE
2,25,417,TRUE
1,25,418,TRUE
2,25,418,TRUE
1,25,419,TRUE
2,25,419,TRUE
1,25,420,TRUE
2,25,420,TRUE
1,25,421,TRUE
2,25,421,TRUE
1,25,422,TRUE
2,25,422,TRUE
1,25,423,TRUE
2,25,423,TRUE
1,25,424,TRUE
2,25,424,TRUE
1,25,425,TRUE
2,25,425,TRUE
1,25,426,TRUE
2,25,426,TRUE
1,25,427,TRUE
2,25,427,TRUE
1,25,428,TRUE
2,25,428,TRUE
1,25,429,TRUE
2,25,429,TRUE
1,25,430,TRUE
2,25,430,TRUE
1,25,431,TRUE
2,25,431,TRUE
1,25,432,TRUE
2,25,432,TRUE
1,25,433,FALSE
2,25,433,FALSE
1,25,434,FALSE
2,25,434,FALSE
1,25,435,FALSE
2,25,435,FALSE
1,25,436,TRUE
2,25,436,TRUE
1,25,437,TRUE
2,25,437,TRUE
1,25,438,TRUE
2,25,438,TRUE
1,25,439,FALSE
2,25,439,FALSE
1,25,440,TRUE
2,25,440,TRUE
1,25,441,TRUE
2,25,441,TRUE
1,25,442,FALSE
2,25,442,FALSE
1,25,443,TRUE
2,25,443,TRUE
1,25,444,TRUE
2,25,444,TRUE
1,25,445,FALSE
2,25,445,FALSE
1,25,446,FALSE
2,25,446,FALSE
1,25,447,TRUE
2,25,447,TRUE
1,25,448,FALSE
2,25,448,FALSE
1,25,449,FALSE
2,25,449,FALSE
1,25,450,TRUE
2,25,450,TRUE
1,25,451,TRUE
2,25,451,TRUE
1,25,452,TRUE
2,25,452,TRUE
1,25,453,TRUE
2,25,453,TRUE
1,25,454,TRUE
2,25,454,TRUE
1,25,455,TRUE
2,25,455,TRUE
1,25,456,TRUE
2,25,456,TRUE
1,25,457,TRUE
2,25,457,TRUE
1,25,458,TRUE
2,25,458,TRUE
1,25,459,TRUE
2,25,459,TRUE
1,25,460,TRUE
2,25,460,TRUE
1,25,461,TRUE
2,25,461,TRUE
1,25,462,TRUE
2,25,462,TRUE
1,25,463,TRUE
2,25,463,TRUE
1,25,464,TRUE
2,25,464,TRUE
1,25,465,TRUE
2,25,465,TRUE
1,25,466,TRUE
2,25,466,TRUE
1,25,467,TRUE
2,25,467,TRUE
1,25,468,TRUE
2,25,468,TRUE
1,25,469,TRUE
2,25,469,TRUE
1,25,470,TRUE
2,25,470,TRUE
1,25,471,TRUE
2,25,471,TRUE
1,25,472,TRUE
2,25,472,TRUE
1,25,473,TRUE
2,25,473,TRUE
1,25,474,TRUE
2,25,474,TRUE
1,25,475,TRUE
2,25,475,TRUE
1,25,476,TRUE
2,25,476,TRUE
1,25,477,TRUE
2,25,477,TRUE
1,25,478,TRUE
2,25,478,TRUE
1,25,479,TRUE
2,25,479,TRUE
1,25,480,TRUE
2,25,480,TRUE
1,25,481,FALSE
2,25,481,FALSE
1,25,482,TRUE
2,25,482,TRUE
1,25,483,TRUE
2,25,483,TRUE
1,25,484,TRUE
2,25,484,TRUE
1,25,485,TRUE
2,25,485,TRUE
1,25,486,TRUE
2,25,486,TRUE
1,25,487,TRUE
2,25,487,TRUE
1,25,488,FALSE
2,25,488,FALSE
1,25,489,TRUE
2,25,489,TRUE
1,25,490,TRUE
2,25,490,TRUE
1,25,491,TRUE
2,25,491,TRUE
1,25,492,TRUE
2,25,492,TRUE
1,25,493,TRUE
2,25,493,TRUE
1,25,494,TRUE
2,25,494,TRUE
1,25,495,TRUE
2,25,495,TRUE
1,25,496,TRUE
2,25,496,TRUE
1,25,497,TRUE
2,25,497,TRUE
1,25,498,TRUE
2,25,498,TRUE
1,25,499,TRUE
2,25,499,TRUE
1,25,500,TRUE
2,25,500,TRUE
1,25,501,TRUE
2,25,501,TRUE
1,25,502,TRUE
2,25,502,TRUE
1,25,503,FALSE
2,25,503,FALSE
1,25,504,TRUE
2,25,504,TRUE
1,25,505,TRUE
2,25,505,TRUE
1,25,506,TRUE
2,25,506,TRUE
1,25,507,FALSE
2,25,507,FALSE
1,25,508,TRUE
2,25,508,TRUE
1,25,509,TRUE
2,25,509,TRUE
1,25,510,TRUE
2,25,510,TRUE
1,25,511,TRUE
2,25,511,TRUE
1,25,512,TRUE
2,25,512,TRUE
1,25,513,TRUE
2,25,513,TRUE
1,25,514,TRUE
2,25,514,TRUE
1,25,515,TRUE
2,25,515,TRUE
1,25,516,FALSE
2,25,516,FALSE
1,25,517,TRUE
2,25,517,TRUE
1,25,518,TRUE
2,25,518,TRUE
1,25,519,TRUE
2,25,519,TRUE
1,25,520,TRUE
2,25,520,TRUE
1,25,521,TRUE
2,25,521,TRUE
1,25,522,TRUE
2,25,522,TRUE
1,25,523,TRUE
2,25,523,TRUE
1,25,524,TRUE
2,25,524,TRUE
1,25,525,FALSE
2,25,525,FALSE
1,25,526,TRUE
2,25,526,TRUE
1,25,527,TRUE
2,25,527,TRUE
1,25,528,FALSE
2,25,528,FALSE
1,25,529,TRUE
2,25,529,TRUE
1,25,530,FALSE
2,25,530,FALSE
1,25,531,TRUE
2,25,531,TRUE
1,25,532,TRUE
2,25,532,TRUE
1,25,533,TRUE
2,25,533,TRUE
1,25,534,TRUE
2,25,534,TRUE
1,25,535,TRUE
2,25,535,TRUE
1,25,536,TRUE
2,25,536,TRUE
1,25,537,FALSE
2,25,537,FALSE
1,25,538,TRUE
2,25,538,TRUE
1,25,539,TRUE
2,25,539,TRUE
1,25,540,TRUE
2,25,540,TRUE
1,25,541,TRUE
2,25,541,TRUE
1,25,542,FALSE
2,25,542,FALSE
1,25,543,TRUE
2,25,543,TRUE
1,25,544,TRUE
2,25,544,TRUE
1,25,545,TRUE
2,25,545,TRUE
1,25,546,TRUE
2,25,546,TRUE
1,25,547,TRUE
2,25,547,TRUE
1,25,548,TRUE
2,25,548,TRUE
1,25,549,TRUE
2,25,549,TRUE
1,25,550,FALSE
2,25,550,FALSE
1,25,551,TRUE
2,25,551,TRUE
1,25,552,TRUE
2,25,552,TRUE
1,25,553,TRUE
2,25,553,TRUE
1,25,554,TRUE
2,25,554,TRUE
1,25,555,TRUE
2,25,555,TRUE
1,25,556,FALSE
2,25,556,FALSE
1,25,557,TRUE
2,25,557,TRUE
1,25,558,FALSE
2,25,558,FALSE
1,25,559,TRUE
2,25,559,TRUE
1,25,560,FALSE
2,25,560,FALSE
1,25,561,TRUE
2,25,561,TRUE
1,25,562,TRUE
2,25,562,TRUE
1,25,563,TRUE
2,25,563,TRUE
1,25,564,TRUE
2,25,564,TRUE
1,25,565,TRUE
2,25,565,TRUE
1,25,566,FALSE
2,25,566,FALSE
1,25,567,TRUE
2,25,567,TRUE
1,25,568,TRUE
2,25,568,TRUE
1,25,569,TRUE
2,25,569,TRUE
1,25,570,TRUE
2,25,570,TRUE
1,25,571,TRUE
2,25,571,TRUE
1,25,572,TRUE
2,25,572,TRUE
1,25,573,TRUE
2,25,573,TRUE
1,25,574,TRUE
2,25,574,TRUE
1,25,575,TRUE
2,25,575,TRUE
1,25,576,FALSE
2,25,576,FALSE
1,25,577,TRUE
2,25,577,TRUE
1,25,578,TRUE
2,25,578,TRUE
1,25,579,TRUE
2,25,579,TRUE
1,25,580,TRUE
2,25,580,TRUE
1,25,581,TRUE
2,25,581,TRUE
1,25,582,TRUE
2,25,582,TRUE
1,25,583,TRUE
2,25,583,TRUE
1,25,584,TRUE
2,25,584,TRUE
1,25,585,TRUE
2,25,585,TRUE
1,25,586,TRUE
2,25,586,TRUE
1,25,587,TRUE
2,25,587,TRUE
1,25,588,TRUE
2,25,588,TRUE
1,25,589,TRUE
2,25,589,TRUE
1,25,590,TRUE
2,25,590,TRUE
1,25,591,FALSE
2,25,591,FALSE
1,25,592,FALSE
2,25,592,FALSE
1,25,593,TRUE
2,25,593,TRUE
1,25,594,TRUE
2,25,594,TRUE
1,25,595,TRUE
2,25,595,TRUE
1,25,596,FALSE
2,25,596,FALSE
1,25,597,TRUE
2,25,597,TRUE
1,25,598,TRUE
2,25,598,TRUE
1,25,599,TRUE
2,25,599,TRUE
1,25,600,TRUE
2,25,600,TRUE
1,25,601,TRUE
2,25,601,TRUE
1,25,602,TRUE
2,25,602,TRUE
1,25,603,TRUE
2,25,603,TRUE
1,25,604,TRUE
2,25,604,TRUE
1,25,605,TRUE
2,25,605,TRUE
1,25,606,TRUE
2,25,606,TRUE
1,25,607,TRUE
2,25,607,TRUE
1,25,608,TRUE
2,25,608,TRUE
1,25,609,TRUE
2,25,609,TRUE
1,25,610,TRUE
2,25,610,TRUE
1,25,611,TRUE
2,25,611,TRUE
1,25,612,TRUE
2,25,612,TRUE
1,25,613,TRUE
2,25,613,TRUE
1,25,614,TRUE
2,25,614,TRUE
1,25,615,TRUE
2,25,615,TRUE
1,25,616,TRUE
2,25,616,TRUE
1,25,617,TRUE
2,25,617,TRUE
1,25,618,TRUE
2,25,618,TRUE
1,25,619,TRUE
2,25,619,TRUE
1,25,620,TRUE
2,25,620,TRUE
1,25,621,TRUE
2,25,621,TRUE
1,25,622,TRUE
2,25,622,TRUE
1,25,623,TRUE
2,25,623,TRUE
1,25,624,TRUE
2,25,624,TRUE
1,25,625,TRUE
2,25,625,TRUE
1,25,626,TRUE
2,25,626,TRUE
1,25,627,TRUE
2,25,627,TRUE
1,25,628,TRUE
2,25,628,TRUE
1,25,629,TRUE
2,25,629,TRUE
1,25,630,TRUE
2,25,630,TRUE
1,25,631,TRUE
2,25,631,TRUE
1,25,632,TRUE
2,25,632,TRUE
1,25,633,FALSE
2,25,633,FALSE
1,25,634,TRUE
2,25,634,TRUE
1,25,635,TRUE
2,25,635,TRUE
1,25,636,TRUE
2,25,636,TRUE
1,25,637,TRUE
2,25,637,TRUE
1,25,638,FALSE
2,25,638,FALSE
1,25,639,TRUE
2,25,639,TRUE
1,25,640,TRUE
2,25,640,TRUE
1,25,641,TRUE
2,25,641,TRUE
1,25,642,FALSE
2,25,642,FALSE
1,25,643,TRUE
2,25,643,TRUE
1,25,644,TRUE
2,25,644,TRUE
1,25,645,TRUE
2,25,645,TRUE
1,25,646,TRUE
2,25,646,TRUE
1,25,647,TRUE
2,25,647,TRUE
1,25,648,TRUE
2,25,648,TRUE
1,25,649,FALSE
2,25,649,FALSE
1,25,650,TRUE
2,25,650,TRUE
1,25,651,FALSE
2,25,651,FALSE
1,25,652,FALSE
2,25,652,FALSE
1,25,653,TRUE
2,25,653,TRUE
1,25,654,FALSE
2,25,654,FALSE
1,25,655,TRUE
2,25,655,TRUE
1,25,656,TRUE
2,25,656,TRUE
1,25,657,TRUE
2,25,657,TRUE
1,25,658,TRUE
2,25,658,TRUE
1,25,659,TRUE
2,25,659,TRUE
1,25,660,TRUE
2,25,660,TRUE
1,25,661,TRUE
2,25,661,TRUE
1,25,662,TRUE
2,25,662,TRUE
1,25,663,TRUE
2,25,663,TRUE
1,25,664,TRUE
2,25,664,TRUE
1,25,665,TRUE
2,25,665,TRUE
1,25,666,FALSE
2,25,666,FALSE
1,25,667,TRUE
2,25,667,TRUE
1,25,668,TRUE
2,25,668,TRUE
1,25,669,TRUE
2,25,669,TRUE
1,25,670,TRUE
2,25,670,TRUE
1,25,671,TRUE
2,25,671,TRUE
1,25,672,TRUE
2,25,672,TRUE
1,25,673,TRUE
2,25,673,TRUE
1,25,674,TRUE
2,25,674,TRUE
1,25,675,TRUE
2,25,675,TRUE
1,25,676,TRUE
2,25,676,TRUE
1,25,677,TRUE
2,25,677,TRUE
1,25,678,TRUE
2,25,678,TRUE
1,25,679,TRUE
2,25,679,TRUE
1,25,680,TRUE
2,25,680,TRUE
1,25,681,TRUE
2,25,681,TRUE
1,25,682,TRUE
2,25,682,TRUE
1,25,683,TRUE
2,25,683,TRUE
1,25,684,TRUE
2,25,684,TRUE
1,25,685,TRUE
2,25,685,TRUE
1,25,686,TRUE
2,25,686,TRUE
1,25,687,TRUE
2,25,687,TRUE
1,25,688,TRUE
2,25,688,TRUE
1,25,689,FALSE
2,25,689,FALSE
1,25,690,TRUE
2,25,690,TRUE
1,25,691,FALSE
2,25,691,FALSE
1,25,692,FALSE
2,25,692,FALSE
1,25,693,TRUE
2,25,693,TRUE
1,25,694,TRUE
2,25,694,TRUE
1,25,695,TRUE
2,25,695,TRUE
1,25,696,TRUE
2,25,696,TRUE
1,25,697,TRUE
2,25,697,TRUE
1,25,698,FALSE
2,25,698,FALSE
1,25,699,TRUE
2,25,699,TRUE
1,25,700,TRUE
2,25,700,TRUE
1,25,701,TRUE
2,25,701,TRUE
1,25,702,TRUE
2,25,702,TRUE
1,25,703,TRUE
2,25,703,TRUE
1,25,704,TRUE
2,25,704,TRUE
1,25,705,FALSE
2,25,705,FALSE
1,25,706,FALSE
2,25,706,FALSE
1,25,707,TRUE
2,25,707,TRUE
1,25,708,TRUE
2,25,708,TRUE
1,25,709,TRUE
2,25,709,TRUE
1,25,710,TRUE
2,25,710,TRUE
1,25,711,TRUE
2,25,711,TRUE
1,25,712,FALSE
2,25,712,FALSE
1,25,713,FALSE
2,25,713,FALSE
1,25,714,TRUE
2,25,714,TRUE
1,25,715,TRUE
2,25,715,TRUE
1,25,716,TRUE
2,25,716,TRUE
1,25,717,TRUE
2,25,717,TRUE
1,25,718,TRUE
2,25,718,TRUE
1,25,719,TRUE
2,25,719,TRUE
1,25,720,TRUE
2,25,720,TRUE
1,25,721,TRUE
2,25,721,TRUE
1,25,722,TRUE
2,25,722,TRUE
1,25,723,TRUE
2,25,723,TRUE
1,25,724,TRUE
2,25,724,TRUE
1,25,725,TRUE
2,25,725,TRUE
1,25,726,TRUE
2,25,726,TRUE
1,25,727,TRUE
2,25,727,TRUE
1,25,728,FALSE
2,25,728,FALSE
1,25,729,TRUE
2,25,729,TRUE
1,25,730,TRUE
2,25,730,TRUE
1,25,731,TRUE
2,25,731,TRUE
1,25,732,TRUE
2,25,732,TRUE
1,25,733,TRUE
2,25,733,TRUE
1,25,734,FALSE
2,25,734,FALSE
1,25,735,FALSE
2,25,735,FALSE
1,25,736,TRUE
2,25,736,TRUE
1,25,737,TRUE
2,25,737,TRUE
1,25,738,TRUE
2,25,738,TRUE
1,25,739,TRUE
2,25,739,TRUE
1,25,740,TRUE
2,25,740,TRUE
1,25,741,FALSE
2,25,741,FALSE
1,25,742,TRUE
2,25,742,TRUE
1,25,743,TRUE
2,25,743,TRUE
1,25,744,TRUE
2,25,744,TRUE
1,25,745,TRUE
2,25,745,TRUE
1,25,746,TRUE
2,25,746,TRUE
1,25,747,FALSE
2,25,747,FALSE
1,25,748,TRUE
2,25,748,TRUE
1,25,749,TRUE
2,25,749,TRUE
1,25,750,TRUE
2,25,750,TRUE
1,25,751,TRUE
2,25,751,TRUE
1,25,752,FALSE
2,25,752,FALSE
1,25,753,TRUE
2,25,753,TRUE
1,25,754,TRUE
2,25,754,TRUE
1,25,755,TRUE
2,25,755,TRUE
1,25,756,TRUE
2,25,756,TRUE
1,25,757,TRUE
2,25,757,TRUE
1,25,758,TRUE
2,25,758,TRUE
1,25,759,TRUE
2,25,759,TRUE
1,25,760,TRUE
2,25,760,TRUE
1,25,761,TRUE
2,25,761,TRUE
1,25,762,TRUE
2,25,762,TRUE
1,25,763,TRUE
2,25,763,TRUE
1,25,764,TRUE
2,25,764,TRUE
1,25,765,TRUE
2,25,765,TRUE
1,25,766,TRUE
2,25,766,TRUE
1,25,767,FALSE
2,25,767,FALSE
1,25,768,FALSE
2,25,768,FALSE
1,25,769,TRUE
2,25,769,TRUE
1,25,770,TRUE
2,25,770,TRUE
1,25,771,TRUE
2,25,771,TRUE
1,25,772,TRUE
2,25,772,TRUE
1,25,773,TRUE
2,25,773,TRUE
1,25,774,TRUE
2,25,774,TRUE
1,25,775,TRUE
2,25,775,TRUE
1,25,776,TRUE
2,25,776,TRUE
1,25,777,TRUE
2,25,777,TRUE
1,25,778,TRUE
2,25,778,TRUE
1,25,779,TRUE
2,25,779,TRUE
1,25,780,TRUE
2,25,780,TRUE
1,25,781,TRUE
2,25,781,TRUE
1,25,782,TRUE
2,25,782,TRUE
1,25,783,TRUE
2,25,783,TRUE
1,25,784,TRUE
2,25,784,TRUE
1,25,785,TRUE
2,25,785,TRUE
1,25,786,TRUE
2,25,786,TRUE
1,25,787,TRUE
2,25,787,TRUE
1,25,788,FALSE
2,25,788,FALSE
1,25,789,FALSE
2,25,789,FALSE
1,25,790,TRUE
2,25,790,TRUE
1,25,791,TRUE
2,25,791,TRUE
1,25,792,FALSE
2,25,792,FALSE
1,25,793,TRUE
2,25,793,TRUE
1,25,794,TRUE
2,25,794,TRUE
1,25,795,TRUE
2,25,795,TRUE
1,25,796,FALSE
2,25,796,FALSE
1,25,797,TRUE
2,25,797,TRUE
1,25,798,TRUE
2,25,798,TRUE
1,25,799,TRUE
2,25,799,TRUE
1,25,800,TRUE
2,25,800,TRUE
1,25,801,TRUE
2,25,801,TRUE
1,25,802,FALSE
2,25,802,FALSE
1,25,803,TRUE
2,25,803,TRUE
1,25,804,TRUE
2,25,804,TRUE
1,25,805,FALSE
2,25,805,FALSE
1,25,806,TRUE
2,25,806,TRUE
1,25,807,TRUE
2,25,807,TRUE
1,25,808,TRUE
2,25,808,TRUE
1,25,809,FALSE
2,25,809,FALSE
1,25,810,TRUE
2,25,810,TRUE
1,25,811,TRUE
2,25,811,TRUE
1,25,812,TRUE
2,25,812,TRUE
1,25,813,TRUE
2,25,813,TRUE
1,25,814,TRUE
2,25,814,TRUE
1,25,815,TRUE
2,25,815,TRUE
1,25,816,TRUE
2,25,816,TRUE
1,25,817,FALSE
2,25,817,FALSE
1,25,818,TRUE
2,25,818,TRUE
1,25,819,TRUE
2,25,819,TRUE
1,25,820,TRUE
2,25,820,TRUE
1,25,821,TRUE
2,25,821,TRUE
1,25,822,TRUE
2,25,822,TRUE
1,25,823,TRUE
2,25,823,TRUE
1,25,824,TRUE
2,25,824,TRUE
1,25,825,TRUE
2,25,825,TRUE
1,25,826,FALSE
2,25,826,FALSE
1,25,827,TRUE
2,25,827,TRUE
1,25,828,TRUE
2,25,828,TRUE
1,25,829,TRUE
2,25,829,TRUE
1,25,830,TRUE
2,25,830,TRUE
1,25,831,TRUE
2,25,831,TRUE
1,25,832,TRUE
2,25,832,TRUE
1,25,833,TRUE
2,25,833,TRUE
1,25,834,TRUE
2,25,834,TRUE
1,25,835,TRUE
2,25,835,TRUE
1,25,836,TRUE
2,25,836,TRUE
1,25,837,TRUE
2,25,837,TRUE
1,25,838,FALSE
2,25,838,FALSE
1,25,839,TRUE
2,25,839,TRUE
1,25,840,TRUE
2,25,840,TRUE
1,25,841,TRUE
2,25,841,TRUE
1,25,842,TRUE
2,25,842,TRUE
1,25,843,TRUE
2,25,843,TRUE
1,25,844,TRUE
2,25,844,TRUE
1,25,845,TRUE
2,25,845,TRUE
1,25,846,TRUE
2,25,846,TRUE
1,25,847,TRUE
2,25,847,TRUE
1,25,848,TRUE
2,25,848,TRUE
1,25,849,TRUE
2,25,849,TRUE
1,25,850,TRUE
2,25,850,TRUE
1,25,851,TRUE
2,25,851,TRUE
1,25,852,TRUE
2,25,852,TRUE
1,25,853,FALSE
2,25,853,FALSE
1,25,854,TRUE
2,25,854,TRUE
1,25,855,TRUE
2,25,855,TRUE
1,25,856,FALSE
2,25,856,FALSE
1,25,857,TRUE
2,25,857,TRUE
1,25,858,TRUE
2,25,858,TRUE
1,25,859,TRUE
2,25,859,TRUE
1,25,860,TRUE
2,25,860,TRUE
1,25,861,FALSE
2,25,861,FALSE
1,25,862,FALSE
2,25,862,FALSE
1,25,863,TRUE
2,25,863,TRUE
1,25,864,TRUE
2,25,864,TRUE
1,25,865,TRUE
2,25,865,TRUE
1,25,866,TRUE
2,25,866,TRUE
1,25,867,TRUE
2,25,867,TRUE
1,25,868,TRUE
2,25,868,TRUE
1,25,869,TRUE
2,25,869,TRUE
1,25,870,TRUE
2,25,870,TRUE
1,25,871,TRUE
2,25,871,TRUE
1,25,872,TRUE
2,25,872,TRUE
1,25,873,TRUE
2,25,873,TRUE
1,25,874,FALSE
2,25,874,FALSE
1,25,875,TRUE
2,25,875,TRUE
1,25,876,TRUE
2,25,876,TRUE
1,25,877,TRUE
2,25,877,TRUE
1,25,878,FALSE
2,25,878,FALSE
1,25,879,TRUE
2,25,879,TRUE
1,25,880,TRUE
2,25,880,TRUE
1,25,881,TRUE
2,25,881,TRUE
1,25,882,TRUE
2,25,882,TRUE
1,25,883,TRUE
2,25,883,TRUE
1,25,884,FALSE
2,25,884,FALSE
1,25,885,TRUE
2,25,885,TRUE
1,25,886,TRUE
2,25,886,TRUE
1,25,887,TRUE
2,25,887,TRUE
1,25,888,TRUE
2,25,888,TRUE
1,25,889,TRUE
2,25,889,TRUE
1,25,890,TRUE
2,25,890,TRUE
1,25,891,TRUE
2,25,891,TRUE
1,25,892,FALSE
2,25,892,FALSE
1,25,893,TRUE
2,25,893,TRUE
1,25,894,TRUE
2,25,894,TRUE
1,25,895,FALSE
2,25,895,FALSE
1,25,896,TRUE
2,25,896,TRUE
1,25,897,TRUE
2,25,897,TRUE
1,25,898,TRUE
2,25,898,TRUE
1,25,899,FALSE
2,25,899,FALSE
1,25,900,TRUE
2,25,900,TRUE
1,25,901,TRUE
2,25,901,TRUE
1,25,902,TRUE
2,25,902,TRUE
1,25,903,TRUE
2,25,903,TRUE
1,25,904,TRUE
2,25,904,TRUE
1,25,905,TRUE
2,25,905,TRUE
1,25,906,TRUE
2,25,906,TRUE
1,25,907,TRUE
2,25,907,TRUE
1,25,908,TRUE
2,25,908,TRUE
1,25,909,TRUE
2,25,909,TRUE
1,25,910,TRUE
2,25,910,TRUE
1,25,911,TRUE
2,25,911,TRUE
1,25,912,TRUE
2,25,912,TRUE
1,25,913,TRUE
2,25,913,TRUE
1,25,914,TRUE
2,25,914,TRUE
1,25,915,TRUE
2,25,915,TRUE
1,25,916,TRUE
2,25,916,TRUE
1,25,917,TRUE
2,25,917,TRUE
1,25,918,FALSE
2,25,918,FALSE
1,25,919,TRUE
2,25,919,TRUE
1,25,920,TRUE
2,25,920,TRUE
1,25,921,TRUE
2,25,921,TRUE
1,25,922,TRUE
2,25,922,TRUE
1,25,923,TRUE
2,25,923,TRUE
1,25,924,TRUE
2,25,924,TRUE
1,25,925,TRUE
2,25,925,TRUE
1,25,926,TRUE
2,25,926,TRUE
1,25,927,TRUE
2,25,927,TRUE
1,25,928,TRUE
2,25,928,TRUE
1,25,929,TRUE
2,25,929,TRUE
1,25,930,TRUE
2,25,930,TRUE
1,25,931,FALSE
2,25,931,FALSE
1,25,932,TRUE
2,25,932,TRUE
1,25,933,FALSE
2,25,933,FALSE
1,25,934,TRUE
2,25,934,TRUE
1,25,935,TRUE
2,25,935,TRUE
1,25,936,TRUE
2,25,936,TRUE
1,25,937,TRUE
2,25,937,TRUE
1,25,938,TRUE
2,25,938,TRUE
1,25,939,FALSE
2,25,939,FALSE
1,25,940,TRUE
2,25,940,TRUE
1,25,941,TRUE
2,25,941,TRUE
1,25,942,FALSE
2,25,942,FALSE
1,25,943,FALSE
2,25,943,FALSE
1,25,944,TRUE
2,25,944,TRUE
1,25,945,TRUE
2,25,945,TRUE
1,25,946,TRUE
2,25,946,TRUE
1,25,947,FALSE
2,25,947,FALSE
1,25,948,TRUE
2,25,948,TRUE
1,25,949,TRUE
2,25,949,TRUE
1,25,950,TRUE
2,25,950,TRUE
1,25,951,TRUE
2,25,951,TRUE
1,25,952,TRUE
2,25,952,TRUE
1,25,953,TRUE
2,25,953,TRUE
1,25,954,TRUE
2,25,954,TRUE
1,25,955,TRUE
2,25,955,TRUE
1,25,956,TRUE
2,25,956,TRUE
1,25,957,TRUE
2,25,957,TRUE
1,25,958,TRUE
2,25,958,TRUE
1,25,959,TRUE
2,25,959,TRUE
1,25,960,TRUE
2,25,960,TRUE
1,25,961,TRUE
2,25,961,TRUE
1,25,962,TRUE
2,25,962,TRUE
1,25,963,TRUE
2,25,963,TRUE
1,25,964,TRUE
2,25,964,TRUE
1,25,965,TRUE
2,25,965,TRUE
1,25,966,FALSE
2,25,966,FALSE
1,25,967,TRUE
2,25,967,TRUE
1,25,968,TRUE
2,25,968,TRUE
1,25,969,TRUE
2,25,969,TRUE
1,25,970,TRUE
2,25,970,TRUE
1,25,971,TRUE
2,25,971,TRUE
1,25,972,TRUE
2,25,972,TRUE
1,25,973,TRUE
2,25,973,TRUE
1,25,974,TRUE
2,25,974,TRUE
1,25,975,FALSE
2,25,975,FALSE
1,25,976,TRUE
2,25,976,TRUE
1,25,977,FALSE
2,25,977,FALSE
1,25,978,FALSE
2,25,978,FALSE
1,25,979,TRUE
2,25,979,TRUE
1,25,980,TRUE
2,25,980,TRUE
1,25,981,TRUE
2,25,981,TRUE
1,25,982,TRUE
2,25,982,TRUE
1,25,983,TRUE
2,25,983,TRUE
1,25,984,TRUE
2,25,984,TRUE
1,25,985,TRUE
2,25,985,TRUE
1,25,986,TRUE
2,25,986,TRUE
1,25,987,TRUE
2,25,987,TRUE
1,25,988,FALSE
2,25,988,FALSE
1,25,989,TRUE
2,25,989,TRUE
1,25,990,TRUE
2,25,990,TRUE
1,25,991,FALSE
2,25,991,FALSE
1,25,992,TRUE
2,25,992,TRUE
1,25,993,TRUE
2,25,993,TRUE
1,25,994,TRUE
2,25,994,TRUE
1,25,995,FALSE
2,25,995,FALSE
1,25,996,TRUE
2,25,996,TRUE
1,25,997,TRUE
2,25,997,TRUE
1,25,998,TRUE
2,25,998,TRUE
1,25,999,TRUE
2,25,999,TRUE
1,25,1000,TRUE
2,25,1000,TRUE
1,100,1001,TRUE
2,100,1001,TRUE
1,100,1002,TRUE
2,100,1002,TRUE
1,100,1003,TRUE
2,100,1003,TRUE
1,100,1004,TRUE
2,100,1004,TRUE
1,100,1005,TRUE
2,100,1005,TRUE
1,100,1006,FALSE
2,100,1006,FALSE
1,100,1007,TRUE
2,100,1007,TRUE
1,100,1008,TRUE
2,100,1008,TRUE
1,100,1009,TRUE
2,100,1009,TRUE
1,100,1010,TRUE
2,100,1010,TRUE
1,100,1011,TRUE
2,100,1011,TRUE
1,100,1012,TRUE
2,100,1012,TRUE
1,100,1013,TRUE
2,100,1013,TRUE
1,100,1014,TRUE
2,100,1014,TRUE
1,100,1015,TRUE
2,100,1015,TRUE
1,100,1016,TRUE
2,100,1016,TRUE
1,100,1017,TRUE
2,100,1017,TRUE
1,100,1018,TRUE
2,100,1018,TRUE
1,100,1019,TRUE
2,100,1019,TRUE
1,100,1020,TRUE
2,100,1020,TRUE
1,100,1021,TRUE
2,100,1021,TRUE
1,100,1022,TRUE
2,100,1022,TRUE
1,100,1023,FALSE
2,100,1023,FALSE
1,100,1024,TRUE
2,100,1024,TRUE
1,100,1025,TRUE
2,100,1025,TRUE
1,100,1026,TRUE
2,100,1026,TRUE
1,100,1027,TRUE
2,100,1027,TRUE
1,100,1028,TRUE
2,100,1028,TRUE
1,100,1029,TRUE
2,100,1029,TRUE
1,100,1030,TRUE
2,100,1030,TRUE
1,100,1031,TRUE
2,100,1031,TRUE
1,100,1032,TRUE
2,100,1032,TRUE
1,100,1033,TRUE
2,100,1033,TRUE
1,100,1034,TRUE
2,100,1034,TRUE
1,100,1035,TRUE
2,100,1035,TRUE
1,100,1036,TRUE
2,100,1036,TRUE
1,100,1037,TRUE
2,100,1037,TRUE
1,100,1038,TRUE
2,100,1038,TRUE
1,100,1039,FALSE
2,100,1039,FALSE
1,100,1040,TRUE
2,100,1040,TRUE
1,100,1041,TRUE
2,100,1041,TRUE
1,100,1042,FALSE
2,100,1042,FALSE
1,100,1043,FALSE
2,100,1043,FALSE
1,100,1044,TRUE
2,100,1044,TRUE
1,100,1045,TRUE
2,100,1045,TRUE
1,100,1046,TRUE
2,100,1046,TRUE
1,100,1047,TRUE
2,100,1047,TRUE
1,100,1048,TRUE
2,100,1048,TRUE
1,100,1049,TRUE
2,100,1049,TRUE
1,100,1050,FALSE
2,100,1050,FALSE
1,100,1051,TRUE
2,100,1051,TRUE
1,100,1052,TRUE
2,100,1052,TRUE
1,100,1053,TRUE
2,100,1053,TRUE
1,100,1054,FALSE
2,100,1054,FALSE
1,100,1055,TRUE
2,100,1055,TRUE
1,100,1056,FALSE
2,100,1056,FALSE
1,100,1057,TRUE
2,100,1057,TRUE
1,100,1058,TRUE
2,100,1058,TRUE
1,100,1059,FALSE
2,100,1059,FALSE
1,100,1060,TRUE
2,100,1060,TRUE
1,100,1061,TRUE
2,100,1061,TRUE
1,100,1062,TRUE
2,100,1062,TRUE
1,100,1063,TRUE
2,100,1063,TRUE
1,100,1064,TRUE
2,100,1064,TRUE
1,100,1065,TRUE
2,100,1065,TRUE
1,100,1066,TRUE
2,100,1066,TRUE
1,100,1067,TRUE
2,100,1067,TRUE
1,100,1068,TRUE
2,100,1068,TRUE
1,100,1069,TRUE
2,100,1069,TRUE
1,100,1070,TRUE
2,100,1070,TRUE
1,100,1071,TRUE
2,100,1071,TRUE
1,100,1072,TRUE
2,100,1072,TRUE
1,100,1073,TRUE
2,100,1073,TRUE
1,100,1074,TRUE
2,100,1074,TRUE
1,100,1075,TRUE
2,100,1075,TRUE
1,100,1076,TRUE
2,100,1076,TRUE
1,100,1077,TRUE
2,100,1077,TRUE
1,100,1078,TRUE
2,100,1078,TRUE
1,100,1079,TRUE
2,100,1079,TRUE
1,100,1080,TRUE
2,100,1080,TRUE
1,100,1081,TRUE
2,100,1081,TRUE
1,100,1082,FALSE
2,100,1082,FALSE
1,100,1083,TRUE
2,100,1083,TRUE
1,100,1084,TRUE
2,100,1084,TRUE
1,100,1085,TRUE
2,100,1085,TRUE
1,100,1086,TRUE
2,100,1086,TRUE
1,100,1087,TRUE
2,100,1087,TRUE
1,100,1088,TRUE
2,100,1088,TRUE
1,100,1089,TRUE
2,100,1089,TRUE
1,100,1090,TRUE
2,100,1090,TRUE
1,100,1091,FALSE
2,100,1091,FALSE
1,100,1092,TRUE
2,100,1092,TRUE
1,100,1093,TRUE
2,100,1093,TRUE
1,100,1094,FALSE
2,100,1094,FALSE
1,100,1095,TRUE
2,100,1095,TRUE
1,100,1096,TRUE
2,100,1096,TRUE
1,100,1097,TRUE
2,100,1097,TRUE
1,100,1098,TRUE
2,100,1098,TRUE
1,100,1099,FALSE
2,100,1099,FALSE
1,100,1100,TRUE
2,100,1100,TRUE
1,100,1101,FALSE
2,100,1101,FALSE
1,100,1102,TRUE
2,100,1102,TRUE
1,100,1103,TRUE
2,100,1103,TRUE
1,100,1104,FALSE
2,100,1104,FALSE
1,100,1105,FALSE
2,100,1105,FALSE
1,100,1106,TRUE
2,100,1106,TRUE
1,100,1107,FALSE
2,100,1107,FALSE
1,100,1108,TRUE
2,100,1108,TRUE
1,100,1109,TRUE
2,100,1109,TRUE
1,100,1110,TRUE
2,100,1110,TRUE
1,100,1111,TRUE
2,100,1111,TRUE
1,100,1112,TRUE
2,100,1112,TRUE
1,100,1113,TRUE
2,100,1113,TRUE
1,100,1114,TRUE
2,100,1114,TRUE
1,100,1115,TRUE
2,100,1115,TRUE
1,100,1116,TRUE
2,100,1116,TRUE
1,100,1117,TRUE
2,100,1117,TRUE
1,100,1118,TRUE
2,100,1118,TRUE
1,100,1119,FALSE
2,100,1119,FALSE
1,100,1120,TRUE
2,100,1120,TRUE
1,100,1121,TRUE
2,100,1121,TRUE
1,100,1122,TRUE
2,100,1122,TRUE
1,100,1123,TRUE
2,100,1123,TRUE
1,100,1124,TRUE
2,100,1124,TRUE
1,100,1125,TRUE
2,100,1125,TRUE
1,100,1126,TRUE
2,100,1126,TRUE
1,100,1127,FALSE
2,100,1127,FALSE
1,100,1128,FALSE
2,100,1128,FALSE
1,100,1129,TRUE
2,100,1129,TRUE
1,100,1130,TRUE
2,100,1130,TRUE
1,100,1131,TRUE
2,100,1131,TRUE
1,100,1132,TRUE
2,100,1132,TRUE
1,100,1133,TRUE
2,100,1133,TRUE
1,100,1134,TRUE
2,100,1134,TRUE
1,100,1135,TRUE
2,100,1135,TRUE
1,100,1136,TRUE
2,100,1136,TRUE
1,100,1137,TRUE
2,100,1137,TRUE
1,100,1138,TRUE
2,100,1138,TRUE
1,100,1139,TRUE
2,100,1139,TRUE
1,100,1140,TRUE
2,100,1140,TRUE
1,100,1141,TRUE
2,100,1141,TRUE
1,100,1142,TRUE
2,100,1142,TRUE
1,100,1143,TRUE
2,100,1143,TRUE
1,100,1144,FALSE
2,100,1144,FALSE
1,100,1145,TRUE
2,100,1145,TRUE
1,100,1146,FALSE
2,100,1146,FALSE
1,100,1147,TRUE
2,100,1147,TRUE
1,100,1148,FALSE
2,100,1148,FALSE
1,100,1149,TRUE
2,100,1149,TRUE
1,100,1150,TRUE
2,100,1150,TRUE
1,100,1151,TRUE
2,100,1151,TRUE
1,100,1152,TRUE
2,100,1152,TRUE
1,100,1153,TRUE
2,100,1153,TRUE
1,100,1154,TRUE
2,100,1154,TRUE
1,100,1155,TRUE
2,100,1155,TRUE
1,100,1156,FALSE
2,100,1156,FALSE
1,100,1157,TRUE
2,100,1157,TRUE
1,100,1158,TRUE
2,100,1158,TRUE
1,100,1159,TRUE
2,100,1159,TRUE
1,100,1160,TRUE
2,100,1160,TRUE
1,100,1161,TRUE
2,100,1161,TRUE
1,100,1162,FALSE
2,100,1162,FALSE
1,100,1163,TRUE
2,100,1163,TRUE
1,100,1164,TRUE
2,100,1164,TRUE
1,100,1165,TRUE
2,100,1165,TRUE
1,100,1166,TRUE
2,100,1166,TRUE
1,100,1167,TRUE
2,100,1167,TRUE
1,100,1168,TRUE
2,100,1168,TRUE
1,100,1169,TRUE
2,100,1169,TRUE
1,100,1170,TRUE
2,100,1170,TRUE
1,100,1171,TRUE
2,100,1171,TRUE
1,100,1172,TRUE
2,100,1172,TRUE
1,100,1173,TRUE
2,100,1173,TRUE
1,100,1174,TRUE
2,100,1174,TRUE
1,100,1175,TRUE
2,100,1175,TRUE
1,100,1176,TRUE
2,100,1176,TRUE
1,100,1177,TRUE
2,100,1177,TRUE
1,100,1178,TRUE
2,100,1178,TRUE
1,100,1179,TRUE
2,100,1179,TRUE
1,100,1180,TRUE
2,100,1180,TRUE
1,100,1181,FALSE
2,100,1181,FALSE
1,100,1182,TRUE
2,100,1182,TRUE
1,100,1183,FALSE
2,100,1183,FALSE
1,100,1184,TRUE
2,100,1184,TRUE
1,100,1185,TRUE
2,100,1185,TRUE
1,100,1186,TRUE
2,100,1186,TRUE
1,100,1187,TRUE
2,100,1187,TRUE
1,100,1188,TRUE
2,100,1188,TRUE
1,100,1189,FALSE
2,100,1189,FALSE
1,100,1190,TRUE
2,100,1190,TRUE
1,100,1191,TRUE
2,100,1191,TRUE
1,100,1192,TRUE
2,100,1192,TRUE
1,100,1193,TRUE
2,100,1193,TRUE
1,100,1194,TRUE
2,100,1194,TRUE
1,100,1195,TRUE
2,100,1195,TRUE
1,100,1196,TRUE
2,100,1196,TRUE
1,100,1197,TRUE
2,100,1197,TRUE
1,100,1198,TRUE
2,100,1198,TRUE
1,100,1199,TRUE
2,100,1199,TRUE
1,100,1200,TRUE
2,100,1200,TRUE
1,100,1201,TRUE
2,100,1201,TRUE
1,100,1202,TRUE
2,100,1202,TRUE
1,100,1203,TRUE
2,100,1203,TRUE
1,100,1204,TRUE
2,100,1204,TRUE
1,100,1205,TRUE
2,100,1205,TRUE
1,100,1206,TRUE
2,100,1206,TRUE
1,100,1207,FALSE
2,100,1207,FALSE
1,100,1208,TRUE
2,100,1208,TRUE
1,100,1209,TRUE
2,100,1209,TRUE
1,100,1210,TRUE
2,100,1210,TRUE
1,100,1211,TRUE
2,100,1211,TRUE
1,100,1212,TRUE
2,100,1212,TRUE
1,100,1213,TRUE
2,100,1213,TRUE
1,100,1214,TRUE
2,100,1214,TRUE
1,100,1215,FALSE
2,100,1215,FALSE
1,100,1216,TRUE
2,100,1216,TRUE
1,100,1217,TRUE
2,100,1217,TRUE
1,100,1218,TRUE
2,100,1218,TRUE
1,100,1219,TRUE
2,100,1219,TRUE
1,100,1220,TRUE
2,100,1220,TRUE
1,100,1221,TRUE
2,100,1221,TRUE
1,100,1222,TRUE
2,100,1222,TRUE
1,100,1223,TRUE
2,100,1223,TRUE
1,100,1224,TRUE
2,100,1224,TRUE
1,100,1225,TRUE
2,100,1225,TRUE
1,100,1226,TRUE
2,100,1226,TRUE
1,100,1227,FALSE
2,100,1227,FALSE
1,100,1228,TRUE
2,100,1228,TRUE
1,100,1229,TRUE
2,100,1229,TRUE
1,100,1230,TRUE
2,100,1230,TRUE
1,100,1231,TRUE
2,100,1231,TRUE
1,100,1232,FALSE
2,100,1232,FALSE
1,100,1233,TRUE
2,100,1233,TRUE
1,100,1234,TRUE
2,100,1234,TRUE
1,100,1235,TRUE
2,100,1235,TRUE
1,100,1236,TRUE
2,100,1236,TRUE
1,100,1237,TRUE
2,100,1237,TRUE
1,100,1238,TRUE
2,100,1238,TRUE
1,100,1239,TRUE
2,100,1239,TRUE
1,100,1240,TRUE
2,100,1240,TRUE
1,100,1241,TRUE
2,100,1241,TRUE
1,100,1242,TRUE
2,100,1242,TRUE
1,100,1243,TRUE
2,100,1243,TRUE
1,100,1244,TRUE
2,100,1244,TRUE
1,100,1245,TRUE
2,100,1245,TRUE
1,100,1246,TRUE
2,100,1246,TRUE
1,100,1247,FALSE
2,100,1247,FALSE
1,100,1248,TRUE
2,100,1248,TRUE
1,100,1249,TRUE
2,100,1249,TRUE
1,100,1250,TRUE
2,100,1250,TRUE
1,100,1251,TRUE
2,100,1251,TRUE
1,100,1252,TRUE
2,100,1252,TRUE
1,100,1253,TRUE
2,100,1253,TRUE
1,100,1254,TRUE
2,100,1254,TRUE
1,100,1255,TRUE
2,100,1255,TRUE
1,100,1256,TRUE
2,100,1256,TRUE
1,100,1257,TRUE
2,100,1257,TRUE
1,100,1258,TRUE
2,100,1258,TRUE
1,100,1259,FALSE
2,100,1259,FALSE
1,100,1260,TRUE
2,100,1260,TRUE
1,100,1261,TRUE
2,100,1261,TRUE
1,100,1262,TRUE
2,100,1262,TRUE
1,100,1263,TRUE
2,100,1263,TRUE
1,100,1264,FALSE
2,100,1264,FALSE
1,100,1265,FALSE
2,100,1265,FALSE
1,100,1266,TRUE
2,100,1266,TRUE
1,100,1267,TRUE
2,100,1267,TRUE
1,100,1268,TRUE
2,100,1268,TRUE
1,100,1269,TRUE
2,100,1269,TRUE
1,100,1270,TRUE
2,100,1270,TRUE
1,100,1271,FALSE
2,100,1271,FALSE
1,100,1272,FALSE
2,100,1272,FALSE
1,100,1273,TRUE
2,100,1273,TRUE
1,100,1274,TRUE
2,100,1274,TRUE
1,100,1275,TRUE
2,100,1275,TRUE
1,100,1276,TRUE
2,100,1276,TRUE
1,100,1277,TRUE
2,100,1277,TRUE
1,100,1278,TRUE
2,100,1278,TRUE
1,100,1279,TRUE
2,100,1279,TRUE
1,100,1280,TRUE
2,100,1280,TRUE
1,100,1281,TRUE
2,100,1281,TRUE
1,100,1282,TRUE
2,100,1282,TRUE
1,100,1283,TRUE
2,100,1283,TRUE
1,100,1284,TRUE
2,100,1284,TRUE
1,100,1285,FALSE
2,100,1285,FALSE
1,100,1286,TRUE
2,100,1286,TRUE
1,100,1287,TRUE
2,100,1287,TRUE
1,100,1288,TRUE
2,100,1288,TRUE
1,100,1289,TRUE
2,100,1289,TRUE
1,100,1290,FALSE
2,100,1290,FALSE
1,100,1291,TRUE
2,100,1291,TRUE
1,100,1292,TRUE
2,100,1292,TRUE
1,100,1293,TRUE
2,100,1293,TRUE
1,100,1294,TRUE
2,100,1294,TRUE
1,100,1295,TRUE
2,100,1295,TRUE
1,100,1296,FALSE
2,100,1296,FALSE
1,100,1297,TRUE
2,100,1297,TRUE
1,100,1298,FALSE
2,100,1298,FALSE
1,100,1299,TRUE
2,100,1299,TRUE
1,100,1300,TRUE
2,100,1300,TRUE
1,100,1301,TRUE
2,100,1301,TRUE
1,100,1302,TRUE
2,100,1302,TRUE
1,100,1303,TRUE
2,100,1303,TRUE
1,100,1304,TRUE
2,100,1304,TRUE
1,100,1305,TRUE
2,100,1305,TRUE
1,100,1306,FALSE
2,100,1306,FALSE
1,100,1307,TRUE
2,100,1307,TRUE
1,100,1308,TRUE
2,100,1308,TRUE
1,100,1309,TRUE
2,100,1309,TRUE
1,100,1310,TRUE
2,100,1310,TRUE
1,100,1311,TRUE
2,100,1311,TRUE
1,100,1312,FALSE
2,100,1312,FALSE
1,100,1313,TRUE
2,100,1313,TRUE
1,100,1314,TRUE
2,100,1314,TRUE
1,100,1315,TRUE
2,100,1315,TRUE
1,100,1316,TRUE
2,100,1316,TRUE
1,100,1317,TRUE
2,100,1317,TRUE
1,100,1318,TRUE
2,100,1318,TRUE
1,100,1319,TRUE
2,100,1319,TRUE
1,100,1320,TRUE
2,100,1320,TRUE
1,100,1321,TRUE
2,100,1321,TRUE
1,100,1322,FALSE
2,100,1322,FALSE
1,100,1323,TRUE
2,100,1323,TRUE
1,100,1324,TRUE
2,100,1324,TRUE
1,100,1325,TRUE
2,100,1325,TRUE
1,100,1326,FALSE
2,100,1326,FALSE
1,100,1327,TRUE
2,100,1327,TRUE
1,100,1328,TRUE
2,100,1328,TRUE
1,100,1329,TRUE
2,100,1329,TRUE
1,100,1330,TRUE
2,100,1330,TRUE
1,100,1331,TRUE
2,100,1331,TRUE
1,100,1332,TRUE
2,100,1332,TRUE
1,100,1333,TRUE
2,100,1333,TRUE
1,100,1334,TRUE
2,100,1334,TRUE
1,100,1335,TRUE
2,100,1335,TRUE
1,100,1336,TRUE
2,100,1336,TRUE
1,100,1337,TRUE
2,100,1337,TRUE
1,100,1338,FALSE
2,100,1338,FALSE
1,100,1339,TRUE
2,100,1339,TRUE
1,100,1340,FALSE
2,100,1340,FALSE
1,100,1341,TRUE
2,100,1341,TRUE
1,100,1342,TRUE
2,100,1342,TRUE
1,100,1343,TRUE
2,100,1343,TRUE
1,100,1344,TRUE
2,100,1344,TRUE
1,100,1345,TRUE
2,100,1345,TRUE
1,100,1346,TRUE
2,100,1346,TRUE
1,100,1347,TRUE
2,100,1347,TRUE
1,100,1348,TRUE
2,100,1348,TRUE
1,100,1349,TRUE
2,100,1349,TRUE
1,100,1350,TRUE
2,100,1350,TRUE
1,100,1351,TRUE
2,100,1351,TRUE
1,100,1352,TRUE
2,100,1352,TRUE
1,100,1353,FALSE
2,100,1353,FALSE
1,100,1354,TRUE
2,100,1354,TRUE
1,100,1355,TRUE
2,100,1355,TRUE
1,100,1356,TRUE
2,100,1356,TRUE
1,100,1357,TRUE
2,100,1357,TRUE
1,100,1358,TRUE
2,100,1358,TRUE
1,100,1359,FALSE
2,100,1359,FALSE
1,100,1360,TRUE
2,100,1360,TRUE
1,100,1361,TRUE
2,100,1361,TRUE
1,100,1362,TRUE
2,100,1362,TRUE
1,100,1363,TRUE
2,100,1363,TRUE
1,100,1364,TRUE
2,100,1364,TRUE
1,100,1365,TRUE
2,100,1365,TRUE
1,100,1366,TRUE
2,100,1366,TRUE
1,100,1367,TRUE
2,100,1367,TRUE
1,100,1368,TRUE
2,100,1368,TRUE
1,100,1369,TRUE
2,100,1369,TRUE
1,100,1370,TRUE
2,100,1370,TRUE
1,100,1371,TRUE
2,100,1371,TRUE
1,100,1372,TRUE
2,100,1372,TRUE
1,100,1373,TRUE
2,100,1373,TRUE
1,100,1374,TRUE
2,100,1374,TRUE
1,100,1375,TRUE
2,100,1375,TRUE
1,100,1376,TRUE
2,100,1376,TRUE
1,100,1377,TRUE
2,100,1377,TRUE
1,100,1378,TRUE
2,100,1378,TRUE
1,100,1379,TRUE
2,100,1379,TRUE
1,100,1380,TRUE
2,100,1380,TRUE
1,100,1381,TRUE
2,100,1381,TRUE
1,100,1382,FALSE
2,100,1382,FALSE
1,100,1383,FALSE
2,100,1383,FALSE
1,100,1384,FALSE
2,100,1384,FALSE
1,100,1385,FALSE
2,100,1385,FALSE
1,100,1386,TRUE
2,100,1386,TRUE
1,100,1387,TRUE
2,100,1387,TRUE
1,100,1388,TRUE
2,100,1388,TRUE
1,100,1389,TRUE
2,100,1389,TRUE
1,100,1390,FALSE
2,100,1390,FALSE
1,100,1391,TRUE
2,100,1391,TRUE
1,100,1392,TRUE
2,100,1392,TRUE
1,100,1393,TRUE
2,100,1393,TRUE
1,100,1394,TRUE
2,100,1394,TRUE
1,100,1395,TRUE
2,100,1395,TRUE
1,100,1396,TRUE
2,100,1396,TRUE
1,100,1397,TRUE
2,100,1397,TRUE
1,100,1398,TRUE
2,100,1398,TRUE
1,100,1399,TRUE
2,100,1399,TRUE
1,100,1400,TRUE
2,100,1400,TRUE
1,100,1401,TRUE
2,100,1401,TRUE
1,100,1402,TRUE
2,100,1402,TRUE
1,100,1403,TRUE
2,100,1403,TRUE
1,100,1404,TRUE
2,100,1404,TRUE
1,100,1405,TRUE
2,100,1405,TRUE
1,100,1406,TRUE
2,100,1406,TRUE
1,100,1407,TRUE
2,100,1407,TRUE
1,100,1408,TRUE
2,100,1408,TRUE
1,100,1409,TRUE
2,100,1409,TRUE
1,100,1410,TRUE
2,100,1410,TRUE
1,100,1411,TRUE
2,100,1411,TRUE
1,100,1412,TRUE
2,100,1412,TRUE
1,100,1413,TRUE
2,100,1413,TRUE
1,100,1414,FALSE
2,100,1414,FALSE
1,100,1415,TRUE
2,100,1415,TRUE
1,100,1416,TRUE
2,100,1416,TRUE
1,100,1417,TRUE
2,100,1417,TRUE
1,100,1418,TRUE
2,100,1418,TRUE
1,100,1419,TRUE
2,100,1419,TRUE
1,100,1420,TRUE
2,100,1420,TRUE
1,100,1421,TRUE
2,100,1421,TRUE
1,100,1422,TRUE
2,100,1422,TRUE
1,100,1423,TRUE
2,100,1423,TRUE
1,100,1424,TRUE
2,100,1424,TRUE
1,100,1425,TRUE
2,100,1425,TRUE
1,100,1426,TRUE
2,100,1426,TRUE
1,100,1427,TRUE
2,100,1427,TRUE
1,100,1428,TRUE
2,100,1428,TRUE
1,100,1429,TRUE
2,100,1429,TRUE
1,100,1430,TRUE
2,100,1430,TRUE
1,100,1431,TRUE
2,100,1431,TRUE
1,100,1432,TRUE
2,100,1432,TRUE
1,100,1433,TRUE
2,100,1433,TRUE
1,100,1434,FALSE
2,100,1434,FALSE
1,100,1435,FALSE
2,100,1435,FALSE
1,100,1436,FALSE
2,100,1436,FALSE
1,100,1437,TRUE
2,100,1437,TRUE
1,100,1438,TRUE
2,100,1438,TRUE
1,100,1439,TRUE
2,100,1439,TRUE
1,100,1440,TRUE
2,100,1440,TRUE
1,100,1441,TRUE
2,100,1441,TRUE
1,100,1442,FALSE
2,100,1442,FALSE
1,100,1443,TRUE
2,100,1443,TRUE
1,100,1444,TRUE
2,100,1444,TRUE
1,100,1445,TRUE
2,100,1445,TRUE
1,100,1446,TRUE
2,100,1446,TRUE
1,100,1447,TRUE
2,100,1447,TRUE
1,100,1448,TRUE
2,100,1448,TRUE
1,100,1449,TRUE
2,100,1449,TRUE
1,100,1450,TRUE
2,100,1450,TRUE
1,100,1451,TRUE
2,100,1451,TRUE
1,100,1452,TRUE
2,100,1452,TRUE
1,100,1453,FALSE
2,100,1453,FALSE
1,100,1454,FALSE
2,100,1454,FALSE
1,100,1455,TRUE
2,100,1455,TRUE
1,100,1456,TRUE
2,100,1456,TRUE
1,100,1457,FALSE
2,100,1457,FALSE
1,100,1458,TRUE
2,100,1458,TRUE
1,100,1459,TRUE
2,100,1459,TRUE
1,100,1460,TRUE
2,100,1460,TRUE
1,100,1461,TRUE
2,100,1461,TRUE
1,100,1462,TRUE
2,100,1462,TRUE
1,100,1463,FALSE
2,100,1463,FALSE
1,100,1464,TRUE
2,100,1464,TRUE
1,100,1465,TRUE
2,100,1465,TRUE
1,100,1466,FALSE
2,100,1466,FALSE
1,100,1467,TRUE
2,100,1467,TRUE
1,100,1468,TRUE
2,100,1468,TRUE
1,100,1469,TRUE
2,100,1469,TRUE
1,100,1470,TRUE
2,100,1470,TRUE
1,100,1471,FALSE
2,100,1471,FALSE
1,100,1472,TRUE
2,100,1472,TRUE
1,100,1473,TRUE
2,100,1473,TRUE
1,100,1474,TRUE
2,100,1474,TRUE
1,100,1475,TRUE
2,100,1475,TRUE
1,100,1476,TRUE
2,100,1476,TRUE
1,100,1477,TRUE
2,100,1477,TRUE
1,100,1478,TRUE
2,100,1478,TRUE
1,100,1479,TRUE
2,100,1479,TRUE
1,100,1480,TRUE
2,100,1480,TRUE
1,100,1481,FALSE
2,100,1481,FALSE
1,100,1482,TRUE
2,100,1482,TRUE
1,100,1483,TRUE
2,100,1483,TRUE
1,100,1484,TRUE
2,100,1484,TRUE
1,100,1485,TRUE
2,100,1485,TRUE
1,100,1486,TRUE
2,100,1486,TRUE
1,100,1487,TRUE
2,100,1487,TRUE
1,100,1488,TRUE
2,100,1488,TRUE
1,100,1489,FALSE
2,100,1489,FALSE
1,100,1490,TRUE
2,100,1490,TRUE
1,100,1491,FALSE
2,100,1491,FALSE
1,100,1492,FALSE
2,100,1492,FALSE
1,100,1493,TRUE
2,100,1493,TRUE
1,100,1494,TRUE
2,100,1494,TRUE
1,100,1495,TRUE
2,100,1495,TRUE
1,100,1496,TRUE
2,100,1496,TRUE
1,100,1497,TRUE
2,100,1497,TRUE
1,100,1498,TRUE
2,100,1498,TRUE
1,100,1499,TRUE
2,100,1499,TRUE
1,100,1500,TRUE
2,100,1500,TRUE
1,100,1501,TRUE
2,100,1501,TRUE
1,100,1502,TRUE
2,100,1502,TRUE
1,100,1503,TRUE
2,100,1503,TRUE
1,100,1504,TRUE
2,100,1504,TRUE
1,100,1505,TRUE
2,100,1505,TRUE
1,100,1506,TRUE
2,100,1506,TRUE
1,100,1507,FALSE
2,100,1507,FALSE
1,100,1508,TRUE
2,100,1508,TRUE
1,100,1509,TRUE
2,100,1509,TRUE
1,100,1510,TRUE
2,100,1510,TRUE
1,100,1511,TRUE
2,100,1511,TRUE
1,100,1512,FALSE
2,100,1512,FALSE
1,100,1513,TRUE
2,100,1513,TRUE
1,100,1514,FALSE
2,100,1514,FALSE
1,100,1515,TRUE
2,100,1515,TRUE
1,100,1516,TRUE
2,100,1516,TRUE
1,100,1517,TRUE
2,100,1517,TRUE
1,100,1518,TRUE
2,100,1518,TRUE
1,100,1519,FALSE
2,100,1519,FALSE
1,100,1520,TRUE
2,100,1520,TRUE
1,100,1521,TRUE
2,100,1521,TRUE
1,100,1522,TRUE
2,100,1522,TRUE
1,100,1523,TRUE
2,100,1523,TRUE
1,100,1524,FALSE
2,100,1524,FALSE
1,100,1525,TRUE
2,100,1525,TRUE
1,100,1526,TRUE
2,100,1526,TRUE
1,100,1527,TRUE
2,100,1527,TRUE
1,100,1528,FALSE
2,100,1528,FALSE
1,100,1529,TRUE
2,100,1529,TRUE
1,100,1530,TRUE
2,100,1530,TRUE
1,100,1531,TRUE
2,100,1531,TRUE
1,100,1532,TRUE
2,100,1532,TRUE
1,100,1533,TRUE
2,100,1533,TRUE
1,100,1534,TRUE
2,100,1534,TRUE
1,100,1535,TRUE
2,100,1535,TRUE
1,100,1536,TRUE
2,100,1536,TRUE
1,100,1537,TRUE
2,100,1537,TRUE
1,100,1538,TRUE
2,100,1538,TRUE
1,100,1539,TRUE
2,100,1539,TRUE
1,100,1540,TRUE
2,100,1540,TRUE
1,100,1541,TRUE
2,100,1541,TRUE
1,100,1542,TRUE
2,100,1542,TRUE
1,100,1543,TRUE
2,100,1543,TRUE
1,100,1544,TRUE
2,100,1544,TRUE
1,100,1545,TRUE
2,100,1545,TRUE
1,100,1546,TRUE
2,100,1546,TRUE
1,100,1547,TRUE
2,100,1547,TRUE
1,100,1548,TRUE
2,100,1548,TRUE
1,100,1549,TRUE
2,100,1549,TRUE
1,100,1550,FALSE
2,100,1550,FALSE
1,100,1551,FALSE
2,100,1551,FALSE
1,100,1552,TRUE
2,100,1552,TRUE
1,100,1553,TRUE
2,100,1553,TRUE
1,100,1554,TRUE
2,100,1554,TRUE
1,100,1555,TRUE
2,100,1555,TRUE
1,100,1556,TRUE
2,100,1556,TRUE
1,100,1557,TRUE
2,100,1557,TRUE
1,100,1558,TRUE
2,100,1558,TRUE
1,100,1559,TRUE
2,100,1559,TRUE
1,100,1560,TRUE
2,100,1560,TRUE
1,100,1561,TRUE
2,100,1561,TRUE
1,100,1562,TRUE
2,100,1562,TRUE
1,100,1563,TRUE
2,100,1563,TRUE
1,100,1564,TRUE
2,100,1564,TRUE
1,100,1565,TRUE
2,100,1565,TRUE
1,100,1566,TRUE
2,100,1566,TRUE
1,100,1567,TRUE
2,100,1567,TRUE
1,100,1568,TRUE
2,100,1568,TRUE
1,100,1569,TRUE
2,100,1569,TRUE
1,100,1570,TRUE
2,100,1570,TRUE
1,100,1571,TRUE
2,100,1571,TRUE
1,100,1572,FALSE
2,100,1572,FALSE
1,100,1573,TRUE
2,100,1573,TRUE
1,100,1574,TRUE
2,100,1574,TRUE
1,100,1575,TRUE
2,100,1575,TRUE
1,100,1576,TRUE
2,100,1576,TRUE
1,100,1577,TRUE
2,100,1577,TRUE
1,100,1578,TRUE
2,100,1578,TRUE
1,100,1579,TRUE
2,100,1579,TRUE
1,100,1580,TRUE
2,100,1580,TRUE
1,100,1581,TRUE
2,100,1581,TRUE
1,100,1582,TRUE
2,100,1582,TRUE
1,100,1583,TRUE
2,100,1583,TRUE
1,100,1584,TRUE
2,100,1584,TRUE
1,100,1585,TRUE
2,100,1585,TRUE
1,100,1586,TRUE
2,100,1586,TRUE
1,100,1587,TRUE
2,100,1587,TRUE
1,100,1588,TRUE
2,100,1588,TRUE
1,100,1589,TRUE
2,100,1589,TRUE
1,100,1590,TRUE
2,100,1590,TRUE
1,100,1591,TRUE
2,100,1591,TRUE
1,100,1592,TRUE
2,100,1592,TRUE
1,100,1593,TRUE
2,100,1593,TRUE
1,100,1594,FALSE
2,100,1594,FALSE
1,100,1595,TRUE
2,100,1595,TRUE
1,100,1596,TRUE
2,100,1596,TRUE
1,100,1597,TRUE
2,100,1597,TRUE
1,100,1598,TRUE
2,100,1598,TRUE
1,100,1599,TRUE
2,100,1599,TRUE
1,100,1600,TRUE
2,100,1600,TRUE
1,100,1601,TRUE
2,100,1601,TRUE
1,100,1602,FALSE
2,100,1602,FALSE
1,100,1603,TRUE
2,100,1603,TRUE
1,100,1604,TRUE
2,100,1604,TRUE
1,100,1605,TRUE
2,100,1605,TRUE
1,100,1606,FALSE
2,100,1606,FALSE
1,100,1607,FALSE
2,100,1607,FALSE
1,100,1608,TRUE
2,100,1608,TRUE
1,100,1609,TRUE
2,100,1609,TRUE
1,100,1610,TRUE
2,100,1610,TRUE
1,100,1611,FALSE
2,100,1611,FALSE
1,100,1612,TRUE
2,100,1612,TRUE
1,100,1613,FALSE
2,100,1613,FALSE
1,100,1614,FALSE
2,100,1614,FALSE
1,100,1615,TRUE
2,100,1615,TRUE
1,100,1616,TRUE
2,100,1616,TRUE
1,100,1617,TRUE
2,100,1617,TRUE
1,100,1618,TRUE
2,100,1618,TRUE
1,100,1619,TRUE
2,100,1619,TRUE
1,100,1620,TRUE
2,100,1620,TRUE
1,100,1621,TRUE
2,100,1621,TRUE
1,100,1622,FALSE
2,100,1622,FALSE
1,100,1623,TRUE
2,100,1623,TRUE
1,100,1624,TRUE
2,100,1624,TRUE
1,100,1625,TRUE
2,100,1625,TRUE
1,100,1626,FALSE
2,100,1626,FALSE
1,100,1627,FALSE
2,100,1627,FALSE
1,100,1628,TRUE
2,100,1628,TRUE
1,100,1629,TRUE
2,100,1629,TRUE
1,100,1630,TRUE
2,100,1630,TRUE
1,100,1631,TRUE
2,100,1631,TRUE
1,100,1632,TRUE
2,100,1632,TRUE
1,100,1633,TRUE
2,100,1633,TRUE
1,100,1634,TRUE
2,100,1634,TRUE
1,100,1635,TRUE
2,100,1635,TRUE
1,100,1636,FALSE
2,100,1636,FALSE
1,100,1637,TRUE
2,100,1637,TRUE
1,100,1638,FALSE
2,100,1638,FALSE
1,100,1639,TRUE
2,100,1639,TRUE
1,100,1640,TRUE
2,100,1640,TRUE
1,100,1641,FALSE
2,100,1641,FALSE
1,100,1642,TRUE
2,100,1642,TRUE
1,100,1643,TRUE
2,100,1643,TRUE
1,100,1644,TRUE
2,100,1644,TRUE
1,100,1645,TRUE
2,100,1645,TRUE
1,100,1646,FALSE
2,100,1646,FALSE
1,100,1647,TRUE
2,100,1647,TRUE
1,100,1648,TRUE
2,100,1648,TRUE
1,100,1649,FALSE
2,100,1649,FALSE
1,100,1650,FALSE
2,100,1650,FALSE
1,100,1651,FALSE
2,100,1651,FALSE
1,100,1652,TRUE
2,100,1652,TRUE
1,100,1653,TRUE
2,100,1653,TRUE
1,100,1654,FALSE
2,100,1654,FALSE
1,100,1655,FALSE
2,100,1655,FALSE
1,100,1656,TRUE
2,100,1656,TRUE
1,100,1657,TRUE
2,100,1657,TRUE
1,100,1658,TRUE
2,100,1658,TRUE
1,100,1659,TRUE
2,100,1659,TRUE
1,100,1660,TRUE
2,100,1660,TRUE
1,100,1661,TRUE
2,100,1661,TRUE
1,100,1662,TRUE
2,100,1662,TRUE
1,100,1663,FALSE
2,100,1663,FALSE
1,100,1664,TRUE
2,100,1664,TRUE
1,100,1665,TRUE
2,100,1665,TRUE
1,100,1666,TRUE
2,100,1666,TRUE
1,100,1667,TRUE
2,100,1667,TRUE
1,100,1668,TRUE
2,100,1668,TRUE
1,100,1669,TRUE
2,100,1669,TRUE
1,100,1670,TRUE
2,100,1670,TRUE
1,100,1671,TRUE
2,100,1671,TRUE
1,100,1672,TRUE
2,100,1672,TRUE
1,100,1673,FALSE
2,100,1673,FALSE
1,100,1674,TRUE
2,100,1674,TRUE
1,100,1675,TRUE
2,100,1675,TRUE
1,100,1676,FALSE
2,100,1676,FALSE
1,100,1677,TRUE
2,100,1677,TRUE
1,100,1678,TRUE
2,100,1678,TRUE
1,100,1679,FALSE
2,100,1679,FALSE
1,100,1680,TRUE
2,100,1680,TRUE
1,100,1681,TRUE
2,100,1681,TRUE
1,100,1682,TRUE
2,100,1682,TRUE
1,100,1683,TRUE
2,100,1683,TRUE
1,100,1684,TRUE
2,100,1684,TRUE
1,100,1685,TRUE
2,100,1685,TRUE
1,100,1686,TRUE
2,100,1686,TRUE
1,100,1687,TRUE
2,100,1687,TRUE
1,100,1688,TRUE
2,100,1688,TRUE
1,100,1689,TRUE
2,100,1689,TRUE
1,100,1690,TRUE
2,100,1690,TRUE
1,100,1691,TRUE
2,100,1691,TRUE
1,100,1692,TRUE
2,100,1692,TRUE
1,100,1693,TRUE
2,100,1693,TRUE
1,100,1694,TRUE
2,100,1694,TRUE
1,100,1695,TRUE
2,100,1695,TRUE
1,100,1696,FALSE
2,100,1696,FALSE
1,100,1697,TRUE
2,100,1697,TRUE
1,100,1698,TRUE
2,100,1698,TRUE
1,100,1699,TRUE
2,100,1699,TRUE
1,100,1700,FALSE
2,100,1700,FALSE
1,100,1701,TRUE
2,100,1701,TRUE
1,100,1702,TRUE
2,100,1702,TRUE
1,100,1703,FALSE
2,100,1703,FALSE
1,100,1704,TRUE
2,100,1704,TRUE
1,100,1705,TRUE
2,100,1705,TRUE
1,100,1706,TRUE
2,100,1706,TRUE
1,100,1707,TRUE
2,100,1707,TRUE
1,100,1708,TRUE
2,100,1708,TRUE
1,100,1709,TRUE
2,100,1709,TRUE
1,100,1710,TRUE
2,100,1710,TRUE
1,100,1711,FALSE
2,100,1711,FALSE
1,100,1712,TRUE
2,100,1712,TRUE
1,100,1713,TRUE
2,100,1713,TRUE
1,100,1714,TRUE
2,100,1714,TRUE
1,100,1715,TRUE
2,100,1715,TRUE
1,100,1716,TRUE
2,100,1716,TRUE
1,100,1717,TRUE
2,100,1717,TRUE
1,100,1718,TRUE
2,100,1718,TRUE
1,100,1719,TRUE
2,100,1719,TRUE
1,100,1720,TRUE
2,100,1720,TRUE
1,100,1721,TRUE
2,100,1721,TRUE
1,100,1722,TRUE
2,100,1722,TRUE
1,100,1723,TRUE
2,100,1723,TRUE
1,100,1724,FALSE
2,100,1724,FALSE
1,100,1725,TRUE
2,100,1725,TRUE
1,100,1726,TRUE
2,100,1726,TRUE
1,100,1727,TRUE
2,100,1727,TRUE
1,100,1728,TRUE
2,100,1728,TRUE
1,100,1729,TRUE
2,100,1729,TRUE
1,100,1730,TRUE
2,100,1730,TRUE
1,100,1731,TRUE
2,100,1731,TRUE
1,100,1732,TRUE
2,100,1732,TRUE
1,100,1733,TRUE
2,100,1733,TRUE
1,100,1734,TRUE
2,100,1734,TRUE
1,100,1735,TRUE
2,100,1735,TRUE
1,100,1736,FALSE
2,100,1736,FALSE
1,100,1737,TRUE
2,100,1737,TRUE
1,100,1738,TRUE
2,100,1738,TRUE
1,100,1739,TRUE
2,100,1739,TRUE
1,100,1740,TRUE
2,100,1740,TRUE
1,100,1741,TRUE
2,100,1741,TRUE
1,100,1742,TRUE
2,100,1742,TRUE
1,100,1743,TRUE
2,100,1743,TRUE
1,100,1744,TRUE
2,100,1744,TRUE
1,100,1745,TRUE
2,100,1745,TRUE
1,100,1746,TRUE
2,100,1746,TRUE
1,100,1747,TRUE
2,100,1747,TRUE
1,100,1748,TRUE
2,100,1748,TRUE
1,100,1749,TRUE
2,100,1749,TRUE
1,100,1750,TRUE
2,100,1750,TRUE
1,100,1751,TRUE
2,100,1751,TRUE
1,100,1752,TRUE
2,100,1752,TRUE
1,100,1753,TRUE
2,100,1753,TRUE
1,100,1754,FALSE
2,100,1754,FALSE
1,100,1755,TRUE
2,100,1755,TRUE
1,100,1756,FALSE
2,100,1756,FALSE
1,100,1757,TRUE
2,100,1757,TRUE
1,100,1758,TRUE
2,100,1758,TRUE
1,100,1759,TRUE
2,100,1759,TRUE
1,100,1760,TRUE
2,100,1760,TRUE
1,100,1761,TRUE
2,100,1761,TRUE
1,100,1762,FALSE
2,100,1762,FALSE
1,100,1763,TRUE
2,100,1763,TRUE
1,100,1764,TRUE
2,100,1764,TRUE
1,100,1765,FALSE
2,100,1765,FALSE
1,100,1766,TRUE
2,100,1766,TRUE
1,100,1767,TRUE
2,100,1767,TRUE
1,100,1768,TRUE
2,100,1768,TRUE
1,100,1769,FALSE
2,100,1769,FALSE
1,100,1770,TRUE
2,100,1770,TRUE
1,100,1771,TRUE
2,100,1771,TRUE
1,100,1772,TRUE
2,100,1772,TRUE
1,100,1773,TRUE
2,100,1773,TRUE
1,100,1774,TRUE
2,100,1774,TRUE
1,100,1775,TRUE
2,100,1775,TRUE
1,100,1776,TRUE
2,100,1776,TRUE
1,100,1777,TRUE
2,100,1777,TRUE
1,100,1778,TRUE
2,100,1778,TRUE
1,100,1779,TRUE
2,100,1779,TRUE
1,100,1780,TRUE
2,100,1780,TRUE
1,100,1781,TRUE
2,100,1781,TRUE
1,100,1782,TRUE
2,100,1782,TRUE
1,100,1783,TRUE
2,100,1783,TRUE
1,100,1784,TRUE
2,100,1784,TRUE
1,100,1785,TRUE
2,100,1785,TRUE
1,100,1786,TRUE
2,100,1786,TRUE
1,100,1787,TRUE
2,100,1787,TRUE
1,100,1788,TRUE
2,100,1788,TRUE
1,100,1789,FALSE
2,100,1789,FALSE
1,100,1790,FALSE
2,100,1790,FALSE
1,100,1791,TRUE
2,100,1791,TRUE
1,100,1792,TRUE
2,100,1792,TRUE
1,100,1793,TRUE
2,100,1793,TRUE
1,100,1794,TRUE
2,100,1794,TRUE
1,100,1795,TRUE
2,100,1795,TRUE
1,100,1796,TRUE
2,100,1796,TRUE
1,100,1797,TRUE
2,100,1797,TRUE
1,100,1798,TRUE
2,100,1798,TRUE
1,100,1799,FALSE
2,100,1799,FALSE
1,100,1800,FALSE
2,100,1800,FALSE
1,100,1801,TRUE
2,100,1801,TRUE
1,100,1802,TRUE
2,100,1802,TRUE
1,100,1803,FALSE
2,100,1803,FALSE
1,100,1804,TRUE
2,100,1804,TRUE
1,100,1805,FALSE
2,100,1805,FALSE
1,100,1806,TRUE
2,100,1806,TRUE
1,100,1807,TRUE
2,100,1807,TRUE
1,100,1808,TRUE
2,100,1808,TRUE
1,100,1809,TRUE
2,100,1809,TRUE
1,100,1810,TRUE
2,100,1810,TRUE
1,100,1811,FALSE
2,100,1811,FALSE
1,100,1812,TRUE
2,100,1812,TRUE
1,100,1813,TRUE
2,100,1813,TRUE
1,100,1814,TRUE
2,100,1814,TRUE
1,100,1815,TRUE
2,100,1815,TRUE
1,100,1816,FALSE
2,100,1816,FALSE
1,100,1817,TRUE
2,100,1817,TRUE
1,100,1818,TRUE
2,100,1818,TRUE
1,100,1819,TRUE
2,100,1819,TRUE
1,100,1820,FALSE
2,100,1820,FALSE
1,100,1821,TRUE
2,100,1821,TRUE
1,100,1822,TRUE
2,100,1822,TRUE
1,100,1823,TRUE
2,100,1823,TRUE
1,100,1824,TRUE
2,100,1824,TRUE
1,100,1825,TRUE
2,100,1825,TRUE
1,100,1826,TRUE
2,100,1826,TRUE
1,100,1827,TRUE
2,100,1827,TRUE
1,100,1828,TRUE
2,100,1828,TRUE
1,100,1829,TRUE
2,100,1829,TRUE
1,100,1830,TRUE
2,100,1830,TRUE
1,100,1831,TRUE
2,100,1831,TRUE
1,100,1832,TRUE
2,100,1832,TRUE
1,100,1833,TRUE
2,100,1833,TRUE
1,100,1834,TRUE
2,100,1834,TRUE
1,100,1835,TRUE
2,100,1835,TRUE
1,100,1836,TRUE
2,100,1836,TRUE
1,100,1837,TRUE
2,100,1837,TRUE
1,100,1838,TRUE
2,100,1838,TRUE
1,100,1839,TRUE
2,100,1839,TRUE
1,100,1840,TRUE
2,100,1840,TRUE
1,100,1841,TRUE
2,100,1841,TRUE
1,100,1842,TRUE
2,100,1842,TRUE
1,100,1843,TRUE
2,100,1843,TRUE
1,100,1844,TRUE
2,100,1844,TRUE
1,100,1845,TRUE
2,100,1845,TRUE
1,100,1846,TRUE
2,100,1846,TRUE
1,100,1847,TRUE
2,100,1847,TRUE
1,100,1848,TRUE
2,100,1848,TRUE
1,100,1849,FALSE
2,100,1849,FALSE
1,100,1850,TRUE
2,100,1850,TRUE
1,100,1851,TRUE
2,100,1851,TRUE
1,100,1852,TRUE
2,100,1852,TRUE
1,100,1853,TRUE
2,100,1853,TRUE
1,100,1854,TRUE
2,100,1854,TRUE
1,100,1855,TRUE
2,100,1855,TRUE
1,100,1856,TRUE
2,100,1856,TRUE
1,100,1857,TRUE
2,100,1857,TRUE
1,100,1858,TRUE
2,100,1858,TRUE
1,100,1859,TRUE
2,100,1859,TRUE
1,100,1860,TRUE
2,100,1860,TRUE
1,100,1861,TRUE
2,100,1861,TRUE
1,100,1862,TRUE
2,100,1862,TRUE
1,100,1863,FALSE
2,100,1863,FALSE
1,100,1864,TRUE
2,100,1864,TRUE
1,100,1865,TRUE
2,100,1865,TRUE
1,100,1866,TRUE
2,100,1866,TRUE
1,100,1867,TRUE
2,100,1867,TRUE
1,100,1868,TRUE
2,100,1868,TRUE
1,100,1869,TRUE
2,100,1869,TRUE
1,100,1870,TRUE
2,100,1870,TRUE
1,100,1871,TRUE
2,100,1871,TRUE
1,100,1872,TRUE
2,100,1872,TRUE
1,100,1873,TRUE
2,100,1873,TRUE
1,100,1874,TRUE
2,100,1874,TRUE
1,100,1875,TRUE
2,100,1875,TRUE
1,100,1876,TRUE
2,100,1876,TRUE
1,100,1877,TRUE
2,100,1877,TRUE
1,100,1878,TRUE
2,100,1878,TRUE
1,100,1879,TRUE
2,100,1879,TRUE
1,100,1880,FALSE
2,100,1880,FALSE
1,100,1881,TRUE
2,100,1881,TRUE
1,100,1882,TRUE
2,100,1882,TRUE
1,100,1883,FALSE
2,100,1883,FALSE
1,100,1884,TRUE
2,100,1884,TRUE
1,100,1885,TRUE
2,100,1885,TRUE
1,100,1886,TRUE
2,100,1886,TRUE
1,100,1887,TRUE
2,100,1887,TRUE
1,100,1888,TRUE
2,100,1888,TRUE
1,100,1889,TRUE
2,100,1889,TRUE
1,100,1890,TRUE
2,100,1890,TRUE
1,100,1891,TRUE
2,100,1891,TRUE
1,100,1892,TRUE
2,100,1892,TRUE
1,100,1893,TRUE
2,100,1893,TRUE
1,100,1894,FALSE
2,100,1894,FALSE
1,100,1895,TRUE
2,100,1895,TRUE
1,100,1896,TRUE
2,100,1896,TRUE
1,100,1897,TRUE
2,100,1897,TRUE
1,100,1898,TRUE
2,100,1898,TRUE
1,100,1899,TRUE
2,100,1899,TRUE
1,100,1900,TRUE
2,100,1900,TRUE
1,100,1901,TRUE
2,100,1901,TRUE
1,100,1902,TRUE
2,100,1902,TRUE
1,100,1903,TRUE
2,100,1903,TRUE
1,100,1904,TRUE
2,100,1904,TRUE
1,100,1905,TRUE
2,100,1905,TRUE
1,100,1906,TRUE
2,100,1906,TRUE
1,100,1907,TRUE
2,100,1907,TRUE
1,100,1908,TRUE
2,100,1908,TRUE
1,100,1909,TRUE
2,100,1909,TRUE
1,100,1910,TRUE
2,100,1910,TRUE
1,100,1911,TRUE
2,100,1911,TRUE
1,100,1912,TRUE
2,100,1912,TRUE
1,100,1913,TRUE
2,100,1913,TRUE
1,100,1914,TRUE
2,100,1914,TRUE
1,100,1915,TRUE
2,100,1915,TRUE
1,100,1916,TRUE
2,100,1916,TRUE
1,100,1917,TRUE
2,100,1917,TRUE
1,100,1918,TRUE
2,100,1918,TRUE
1,100,1919,TRUE
2,100,1919,TRUE
1,100,1920,TRUE
2,100,1920,TRUE
1,100,1921,FALSE
2,100,1921,FALSE
1,100,1922,TRUE
2,100,1922,TRUE
1,100,1923,TRUE
2,100,1923,TRUE
1,100,1924,TRUE
2,100,1924,TRUE
1,100,1925,FALSE
2,100,1925,FALSE
1,100,1926,TRUE
2,100,1926,TRUE
1,100,1927,FALSE
2,100,1927,FALSE
1,100,1928,TRUE
2,100,1928,TRUE
1,100,1929,FALSE
2,100,1929,FALSE
1,100,1930,FALSE
2,100,1930,FALSE
1,100,1931,TRUE
2,100,1931,TRUE
1,100,1932,TRUE
2,100,1932,TRUE
1,100,1933,TRUE
2,100,1933,TRUE
1,100,1934,TRUE
2,100,1934,TRUE
1,100,1935,TRUE
2,100,1935,TRUE
1,100,1936,TRUE
2,100,1936,TRUE
1,100,1937,TRUE
2,100,1937,TRUE
1,100,1938,TRUE
2,100,1938,TRUE
1,100,1939,TRUE
2,100,1939,TRUE
1,100,1940,FALSE
2,100,1940,FALSE
1,100,1941,TRUE
2,100,1941,TRUE
1,100,1942,TRUE
2,100,1942,TRUE
1,100,1943,TRUE
2,100,1943,TRUE
1,100,1944,TRUE
2,100,1944,TRUE
1,100,1945,FALSE
2,100,1945,FALSE
1,100,1946,TRUE
2,100,1946,TRUE
1,100,1947,TRUE
2,100,1947,TRUE
1,100,1948,TRUE
2,100,1948,TRUE
1,100,1949,TRUE
2,100,1949,TRUE
1,100,1950,FALSE
2,100,1950,FALSE
1,100,1951,TRUE
2,100,1951,TRUE
1,100,1952,TRUE
2,100,1952,TRUE
1,100,1953,TRUE
2,100,1953,TRUE
1,100,1954,TRUE
2,100,1954,TRUE
1,100,1955,TRUE
2,100,1955,TRUE
1,100,1956,TRUE
2,100,1956,TRUE
1,100,1957,TRUE
2,100,1957,TRUE
1,100,1958,TRUE
2,100,1958,TRUE
1,100,1959,TRUE
2,100,1959,TRUE
1,100,1960,FALSE
2,100,1960,FALSE
1,100,1961,TRUE
2,100,1961,TRUE
1,100,1962,FALSE
2,100,1962,FALSE
1,100,1963,TRUE
2,100,1963,TRUE
1,100,1964,TRUE
2,100,1964,TRUE
1,100,1965,TRUE
2,100,1965,TRUE
1,100,1966,TRUE
2,100,1966,TRUE
1,100,1967,TRUE
2,100,1967,TRUE
1,100,1968,TRUE
2,100,1968,TRUE
1,100,1969,TRUE
2,100,1969,TRUE
1,100,1970,TRUE
2,100,1970,TRUE
1,100,1971,TRUE
2,100,1971,TRUE
1,100,1972,TRUE
2,100,1972,TRUE
1,100,1973,FALSE
2,100,1973,FALSE
1,100,1974,TRUE
2,100,1974,TRUE
1,100,1975,TRUE
2,100,1975,TRUE
1,100,1976,TRUE
2,100,1976,TRUE
1,100,1977,FALSE
2,100,1977,FALSE
1,100,1978,TRUE
2,100,1978,TRUE
1,100,1979,TRUE
2,100,1979,TRUE
1,100,1980,TRUE
2,100,1980,TRUE
1,100,1981,TRUE
2,100,1981,TRUE
1,100,1982,TRUE
2,100,1982,TRUE
1,100,1983,FALSE
2,100,1983,FALSE
1,100,1984,TRUE
2,100,1984,TRUE
1,100,1985,TRUE
2,100,1985,TRUE
1,100,1986,TRUE
2,100,1986,TRUE
1,100,1987,TRUE
2,100,1987,TRUE
1,100,1988,TRUE
2,100,1988,TRUE
1,100,1989,TRUE
2,100,1989,TRUE
1,100,1990,TRUE
2,100,1990,TRUE
1,100,1991,TRUE
2,100,1991,TRUE
1,100,1992,FALSE
2,100,1992,FALSE
1,100,1993,TRUE
2,100,1993,TRUE
1,100,1994,TRUE
2,100,1994,TRUE
1,100,1995,TRUE
2,100,1995,TRUE
1,100,1996,TRUE
2,100,1996,TRUE
1,100,1997,TRUE
2,100,1997,TRUE
1,100,1998,TRUE
2,100,1998,TRUE
1,100,1999,TRUE
2,100,1999,TRUE
1,100,2000,TRUE
2,100,2000,TRUE
